time,icao,operation,airport,flight,runway,ac_type,elev
2025-10-01 00:03:30,a3adb9,takeoff,KPHX,AAL1537,25R,B38M,1135
2025-10-01 00:04:30,a8b805,takeoff,KPHX,AAL561,25R,A320,1135
2025-10-01 00:04:31,acf846,landing,KPHX,ASA1161,26,B39M,1135
2025-10-01 00:05:42,a21c4c,takeoff,KPHX,ENY4119,25R,E75L,1135
2025-10-01 00:06:11,aaadf8,landing,KPHX,SWA199,26,B737,1135
2025-10-01 00:06:53,aa2abc,takeoff,KPHX,AAL3269,25R,A319,1135
2025-10-01 00:08:38,aab1af,landing,KPHX,SWA1063,26,B737,1135
2025-10-01 00:09:07,a373b7,takeoff,KPHX,AAL1666,,B38M,1135
2025-10-01 00:09:22,abe450,takeoff,KPHX,SWA4070,25R,B738,1135
2025-10-01 00:10:30,a44565,landing,KPHX,UAL511,26,B739,1135
2025-10-01 00:10:35,adcdcc,takeoff,KPHX,AAL3150,25R,B738,1135
2025-10-01 00:11:21,ac3f9c,takeoff,KPHX,DAL2287,25R,B739,1135
2025-10-01 00:13:00,a2c0ff,landing,KPHX,FDX904,26,B763,1135
2025-10-01 00:14:12,a555c3,takeoff,KPHX,AAL1977,25R,A21N,1135
2025-10-01 00:15:11,a39b19,landing,KPHX,ENY3929,26,E75L,1135
2025-10-01 00:16:32,a7d630,landing,KPHX,AAL502,26,A320,1135
2025-10-01 00:19:04,ad4747,takeoff,KPHX,AAL2432,25R,B738,1135
2025-10-01 00:20:15,a1f4cd,takeoff,KPHX,ENY4021,25R,E75L,1135
2025-10-01 00:21:09,a2bec7,takeoff,KPHX,SWA647,25R,B737,1135
2025-10-01 00:21:21,a64d27,landing,KPHX,N505GP,25L,E55P,1135
2025-10-01 00:21:58,a15516,takeoff,KPHX,AAL2930,25R,A321,1135
2025-10-01 00:22:43,ac2038,takeoff,KPHX,SWA2197,25R,B38M,1135
2025-10-01 00:25:36,a5b760,landing,KPHX,AAL2463,26,A21N,1135
2025-10-01 00:26:00,aa466f,takeoff,KPHX,SKW4932,25R,CRJ7,1135
2025-10-01 00:27:13,aac954,landing,KPHX,UAL1964,25L,B739,1135
2025-10-01 00:29:37,a31f53,landing,KPHX,N300AA,25L,LJ45,1135
2025-10-01 00:29:52,a6d83c,takeoff,KPHX,DAL1738,25R,A21N,1135
2025-10-01 00:30:34,ac2bc6,landing,KPHX,SWA3201,26,B38M,1135
2025-10-01 00:32:18,a684b5,landing,KPHX,AAL2032,25L,A321,1135
2025-10-01 00:32:55,a06bd3,takeoff,KPHX,AAL2421,25R,A320,1135
2025-10-01 00:33:15,a3f401,landing,KPHX,DAL1245,26,A321,1135
2025-10-01 00:33:55,0d0468,landing,KPHX,VTM9987,25L,CRJ1,1135
2025-10-01 00:34:51,a104c3,landing,KPHX,FDX3711,26,B763,1135
2025-10-01 00:35:51,ac5869,landing,KPHX,CFS7802,,C208,1135
2025-10-01 00:36:14,a6d3b3,landing,KPHX,AAL2986,26,A321,1135
2025-10-01 00:37:15,a3861f,landing,KPHX,AAL1951,25L,B38M,1135
2025-10-01 00:37:45,acffb7,landing,KPHX,AAL2942,26,B738,1135
2025-10-01 00:38:34,abb624,takeoff,KPHX,SWA3362,25R,B738,1135
2025-10-01 00:39:31,a44e24,landing,KPHX,DAL836,26,A321,1135
2025-10-01 00:41:16,a0df80,landing,KPHX,VTE3397,26,E135,1135
2025-10-01 00:41:19,abbcc1,takeoff,KPHX,SWA675,25R,B738,1135
2025-10-01 00:41:30,aab146,landing,KPHX,SWA3159,25L,B737,1135
2025-10-01 00:43:04,a32844,landing,KPHX,ENY4167,26,E75L,1135
2025-10-01 00:44:42,a717b6,landing,KPHX,SWA1393,26,B737,1135
2025-10-01 00:45:42,aa596c,landing,KPHX,SKW5009,25L,CRJ7,1135
2025-10-01 00:46:08,a441c9,landing,KPHX,DAL1451,26,B738,1135
2025-10-01 00:47:38,abc012,takeoff,KPHX,SWA4018,25R,B738,1135
2025-10-01 00:47:45,ab15ba,landing,KPHX,AAL2624,26,B738,1135
2025-10-01 00:48:18,ad7f96,takeoff,KPHX,SWA1979,25R,B737,1135
2025-10-01 00:48:37,a646bc,landing,KPHX,SKW4890,25L,E75L,1135
2025-10-01 00:49:10,a5ee51,takeoff,KPHX,SWA4107,25R,B737,1135
2025-10-01 00:49:15,ad5fe7,landing,KPHX,ASA700,26,B39M,1135
2025-10-01 00:50:01,abf2ea,takeoff,KPHX,SWA4056,25R,B738,1135
2025-10-01 00:50:46,a5b923,landing,KPHX,UPS2862,25L,B752,1135
2025-10-01 00:51:19,ac5700,landing,KPHX,SWA2860,26,B38M,1135
2025-10-01 00:51:31,ac52ff,takeoff,KPHX,SWA4114,25R,B38M,1135
2025-10-01 00:53:00,ab627c,takeoff,KPHX,SWA4522,25R,B738,1135
2025-10-01 00:53:30,a2f32e,landing,KPHX,N29AN,,C208,1135
2025-10-01 00:54:19,aa7757,takeoff,KPHX,SWA967,25R,B737,1135
2025-10-01 00:55:00,ad35e0,landing,KPHX,AAL2352,26,B738,1135
2025-10-01 00:55:32,ac0048,takeoff,KPHX,SWA1915,25R,B38M,1135
2025-10-01 00:56:17,abb507,landing,KPHX,SWA1874,25L,B738,1135
2025-10-01 00:56:51,a66a84,landing,KPHX,SKW6298,26,E75L,1135
2025-10-01 00:58:09,aa797d,landing,KPHX,SKW6494,25L,CRJ7,1135
2025-10-01 00:58:26,a32c3e,landing,KPHX,AAL2016,26,B38M,1135
2025-10-01 00:58:30,ac5a4a,takeoff,KPHX,SWA2440,25R,B38M,1135
2025-10-01 00:59:15,ad857e,landing,KPHX,AAL1914,25L,A321,1135
2025-10-01 00:59:50,a240dc,landing,KPHX,SWA4516,26,B737,1135
2025-10-01 01:00:54,ab63b4,landing,KPHX,WSN6,25L,B350,1135
2025-10-01 01:01:20,a8ae3e,landing,KPHX,AAL540,26,A320,1135
2025-10-01 01:01:52,ac5ab7,takeoff,KPHX,SWA2248,25R,B38M,1135
2025-10-01 01:02:00,a37389,landing,KPHX,AAL186,25L,B38M,1135
2025-10-01 01:02:49,a9bf27,landing,KPHX,SKW6452,26,CRJ7,1135
2025-10-01 01:02:53,a6594f,takeoff,KPHX,SKW4935,25R,E75L,1135
2025-10-01 01:03:34,a50f40,takeoff,KPHX,SWA528,25R,B737,1135
2025-10-01 01:03:51,abe1ec,landing,KPHX,CFS7775,25L,C208,1135
2025-10-01 01:04:25,a44c70,landing,KPHX,DAL2442,26,B738,1135
2025-10-01 01:05:04,a418e0,takeoff,KPHX,EJA363,25L,E55P,1135
2025-10-01 01:06:11,a7f40f,landing,KPHX,SKW4931,26,CRJ7,1135
2025-10-01 01:06:31,ac1a72,landing,KPHX,SWA4122,25L,B38M,1135
2025-10-01 01:07:25,adc65e,landing,KPHX,AAL1541,26,B738,1135
2025-10-01 01:08:23,aab1af,takeoff,KPHX,SWA239,25R,B737,1135
2025-10-01 01:09:20,a24ef0,landing,KPHX,ENY3696,26,E75L,1135
2025-10-01 01:10:21,a37738,landing,KPHX,ENY4154,25L,E75L,1135
2025-10-01 01:10:45,a17527,takeoff,KPHX,AAL480,25R,A321,1135
2025-10-01 01:11:29,ac1e57,landing,KPHX,CFS7801,,C208,1135
2025-10-01 01:12:01,a16db9,landing,KPHX,AAL2047,26,A321,1135
2025-10-01 01:12:53,a0e3f0,landing,KPHX,AMF2119,25L,B190,1135
2025-10-01 01:14:06,a7288f,landing,KPHX,AMF2131,25L,E120,1135
2025-10-01 01:15:11,ac53b2,landing,KPHX,SWA6332,25R,B38M,1135
2025-10-01 01:17:02,a95518,landing,KPHX,N700FN,25L,FA7X,1135
2025-10-01 01:18:44,a1c596,landing,KPHX,CTF213,25L,PC12,1135
2025-10-01 01:19:35,a105d2,landing,KPHX,SYX165,25L,C404,1135
2025-10-01 01:22:07,a22b28,landing,KPHX,ENY3757,25L,E75L,1135
2025-10-01 01:23:30,abebbe,landing,KPHX,SWA2702,25L,B738,1135
2025-10-01 01:23:46,a742ec,landing,KPHX,SWA3044,26,B737,1135
2025-10-01 01:25:05,a5006a,landing,KPHX,AMF2185,25L,SW4,1135
2025-10-01 01:26:25,aa220a,landing,KPHX,CFS7805,,C208,1135
2025-10-01 01:26:31,a1277a,landing,KPHX,UAL2376,26,B38M,1135
2025-10-01 01:27:48,aa2989,takeoff,KPHX,N754GP,25L,GL7T,1135
2025-10-01 01:27:54,abd230,landing,KPHX,SWA3183,25R,B738,1135
2025-10-01 01:29:20,a4945f,takeoff,KPHX,UAL1964,25R,B739,1135
2025-10-01 01:32:06,abb9b2,landing,KPHX,SWA2433,26,B738,1135
2025-10-01 01:34:13,a08a1a,landing,KPHX,AAL3137,26,A321,1135
2025-10-01 01:34:35,ac2f18,landing,KPHX,SWA3695,25L,B38M,1135
2025-10-01 01:35:47,ac1a95,landing,KPHX,SWA1711,26,B38M,1135
2025-10-01 01:36:41,abe147,landing,KPHX,SWA3121,25L,B738,1135
2025-10-01 01:38:07,aa9ad9,landing,KPHX,SWA1758,26,B737,1135
2025-10-01 01:38:41,a73410,landing,KPHX,SWA1446,25L,B737,1135
2025-10-01 01:39:54,aa733b,landing,KPHX,SWA971,25L,B737,1135
2025-10-01 01:40:03,abefdd,landing,KPHX,SWA381,26,B738,1135
2025-10-01 01:41:13,a30d6b,landing,KPHX,SKW3538,25L,E75L,1135
2025-10-01 01:41:36,a65b76,landing,KPHX,AAL849,26,A321,1135
2025-10-01 01:41:53,a51b27,takeoff,KPHX,UPS855,25R,B752,1135
2025-10-01 01:43:17,a88d62,landing,KPHX,ABX105,25L,B762,1135
2025-10-01 01:43:24,aab09a,landing,KPHX,SWA785,26,B737,1135
2025-10-01 01:45:08,aa739e,landing,KPHX,UAL1561,25L,B38M,1135
2025-10-01 01:45:10,abdc56,landing,KPHX,SWA1587,26,B738,1135
2025-10-01 01:47:04,ac4c44,landing,KPHX,SWA1451,26,B38M,1135
2025-10-01 01:47:06,a675c0,landing,KPHX,N515TW,25L,PC12,1135
2025-10-01 01:48:24,a6881a,landing,KPHX,AMF2849,25L,BE99,1135
2025-10-01 01:50:22,a3d755,landing,KPHX,AMF2869,25L,B190,1135
2025-10-01 01:51:08,ac42bf,landing,KPHX,SWA3234,26,B38M,1135
2025-10-01 01:51:16,a213d0,takeoff,KPHX,N233BT,25R,SF50,1135
2025-10-01 01:53:11,a83569,landing,KPHX,QXE2099,26,E75L,1135
2025-10-01 01:54:44,a240dc,takeoff,KPHX,SWA1917,25R,B737,1135
2025-10-01 01:55:00,c0466c,landing,KPHX,ROU1731,26,A319,1135
2025-10-01 01:55:52,a684b5,takeoff,KPHX,AAL556,25R,A321,1135
2025-10-01 01:56:16,ac20e7,landing,KPHX,SWA1149,26,B38M,1135
2025-10-01 01:57:01,ac4b95,landing,KPHX,SWA3376,25L,B38M,1135
2025-10-01 01:57:03,a39b19,takeoff,KPHX,ENY3433,25R,E75L,1135
2025-10-01 01:58:09,a7da54,takeoff,KPHX,FDX428,25R,MD11,1135
2025-10-01 01:58:09,a55d31,landing,KPHX,AAL2831,26,A21N,1135
2025-10-01 01:59:14,a74290,landing,KPHX,AMF1067,25L,E120,1135
2025-10-01 01:59:20,aabf80,takeoff,KPHX,AAL194,25R,B772,1135
2025-10-01 01:59:50,ad5460,landing,KPHX,SWA3270,26,B737,1135
2025-10-01 02:00:56,a13acf,landing,KPHX,AMF2851,25L,E120,1135
2025-10-01 02:01:12,a38dd8,takeoff,KPHX,UPS9839,25R,B763,1135
2025-10-01 02:01:13,ac377b,landing,KPHX,SWA4084,26,B38M,1135
2025-10-01 02:03:01,a5b760,takeoff,KPHX,AAL2637,25R,A21N,1135
2025-10-01 02:04:03,aa797d,takeoff,KPHX,SKW238P,25R,CRJ7,1135
2025-10-01 02:05:08,aa0300,takeoff,KPHX,SKW4892,25R,CRJ7,1135
2025-10-01 02:07:31,a441c9,takeoff,KPHX,DAL1406,25R,B738,1135
2025-10-01 02:08:29,a506d1,landing,KPHX,AAL2300,26,A21N,1135
2025-10-01 02:08:53,a67960,takeoff,KPHX,SKW4968,25R,E75L,1135
2025-10-01 02:09:38,ac5e01,landing,KPHX,SWA3391,26,B38M,1135
2025-10-01 02:10:03,a03fff,takeoff,KPHX,AAL695,25R,A321,1135
2025-10-01 02:10:57,a9bf27,takeoff,KPHX,SKW6353,25R,CRJ7,1135
2025-10-01 02:11:48,a1435d,landing,KPHX,SWA3609,26,B38M,1135
2025-10-01 02:11:50,a32844,takeoff,KPHX,ENY3477,25R,E75L,1135
2025-10-01 02:12:28,aa596c,takeoff,KPHX,SKW6326,25R,CRJ7,1135
2025-10-01 02:13:38,ac0b61,landing,KPHX,UAL1938,26,B738,1135
2025-10-01 02:14:46,a0df80,takeoff,KPHX,VTE3388,25R,E135,1135
2025-10-01 02:14:47,a3c2be,landing,KPHX,AAL1587,26,B38M,1135
2025-10-01 02:17:20,a742ec,takeoff,KPHX,SWA2466,25R,B737,1135
2025-10-01 02:18:11,a55b50,landing,KPHX,AAL1689,26,A21N,1135
2025-10-01 02:18:26,a174f3,landing,KPHX,AMF2923,25L,BE99,1135
2025-10-01 02:19:29,a44c70,takeoff,KPHX,DAL1520,25R,B738,1135
2025-10-01 02:21:18,a66a84,takeoff,KPHX,SKW4889,25R,E75L,1135
2025-10-01 02:22:48,a3861f,takeoff,KPHX,AAL691,25R,B38M,1135
2025-10-01 02:23:57,abb507,takeoff,KPHX,SWA1452,25R,B738,1135
2025-10-01 02:24:59,a6981a,landing,KPHX,DAL798,26,A21N,1135
2025-10-01 02:25:06,a24ef0,takeoff,KPHX,ENY3393,25R,E75L,1135
2025-10-01 02:26:46,a5e48a,takeoff,KPHX,SWA1758,25R,B737,1135
2025-10-01 02:28:23,a2be85,takeoff,KPHX,YEL76,25L,E55P,1135
2025-10-01 02:29:44,a646bc,takeoff,KPHX,SKW6325,25R,E75L,1135
2025-10-01 02:30:10,ad1857,landing,KPHX,ASA744,26,B39M,1135
2025-10-01 02:33:25,a3117c,landing,KPHX,SWA136,25R,B737,1135
2025-10-01 02:34:46,a28aa4,takeoff,KPHX,FDX1262,25R,B763,1135
2025-10-01 02:35:44,a2c0ff,takeoff,KPHX,FDX1678,25R,B763,1135
2025-10-01 02:37:03,407943,landing,KPHX,BAW9CG,26,A35K,1135
2025-10-01 02:38:37,a7f40f,takeoff,KPHX,SKW6474,25R,CRJ7,1135
2025-10-01 02:39:37,0d0468,takeoff,KPHX,VTM9987,25L,CRJ1,1135
2025-10-01 02:40:59,a5f5bf,landing,KPHX,SWA2178,25L,B737,1135
2025-10-01 02:46:27,a9903a,landing,KPHX,SKW6498,25L,CRJ7,1135
2025-10-01 02:47:42,c0187a,landing,KPHX,JZA816,26,CRJ9,1135
2025-10-01 02:49:10,a30d6b,takeoff,KPHX,SKW3538,25R,E75L,1135
2025-10-01 02:49:40,a48ae7,landing,KPHX,HAL36,26,A332,1135
2025-10-01 02:49:55,a2e28f,landing,KPHX,SWA2358,25L,B737,1135
2025-10-01 02:50:17,aa733b,takeoff,KPHX,SWA2817,25R,B737,1135
2025-10-01 02:51:09,abefdd,takeoff,KPHX,SWA4103,25R,B738,1135
2025-10-01 02:52:07,abebbe,takeoff,KPHX,SWA4097,25R,B738,1135
2025-10-01 02:53:28,a22b28,takeoff,KPHX,ENY4210,25R,E75L,1135
2025-10-01 02:54:52,aab146,takeoff,KPHX,SWA2588,25R,B737,1135
2025-10-01 02:55:59,a717b6,takeoff,KPHX,SWA3935,25R,B737,1135
2025-10-01 02:57:01,aa739e,takeoff,KPHX,UAL511,25R,B38M,1135
2025-10-01 02:57:18,abc80c,landing,KPHX,SWA3554,26,B738,1135
2025-10-01 02:59:46,ac1a95,takeoff,KPHX,SWA4010,25R,B38M,1135
2025-10-01 03:01:02,ad5460,takeoff,KPHX,SWA1522,25R,B737,1135
2025-10-01 03:01:11,a69463,landing,KPHX,DAL514,26,A21N,1135
2025-10-01 03:02:15,ac4b95,takeoff,KPHX,SWA1851,25R,B38M,1135
2025-10-01 03:02:48,a445ec,landing,KPHX,UAL483,26,B739,1135
2025-10-01 03:03:48,ac20e7,takeoff,KPHX,SWA2993,25R,B38M,1135
2025-10-01 03:03:53,ac501e,landing,KPHX,SWA2319,26,B38M,1135
2025-10-01 03:04:45,a0b169,takeoff,KPHX,ATN3362,25R,B763,1135
2025-10-01 03:06:20,abb9b2,takeoff,KPHX,SWA3290,25R,B738,1135
2025-10-01 03:08:24,ac42bf,takeoff,KPHX,SWA3381,25R,B38M,1135
2025-10-01 03:09:01,ac1a72,takeoff,KPHX,SWA2091,25R,B38M,1135
2025-10-01 03:09:56,ac377b,takeoff,KPHX,SWA1927,25R,B38M,1135
2025-10-01 03:10:48,a83569,takeoff,KPHX,QXE2099,25R,E75L,1135
2025-10-01 03:10:55,a2be85,landing,KPHX,YEL76,25L,E55P,1135
2025-10-01 03:11:41,a3f579,takeoff,KPHX,UPS869,25R,B763,1135
2025-10-01 03:14:14,a1435d,takeoff,KPHX,SWA207,25R,B38M,1135
2025-10-01 03:15:57,a26be1,takeoff,KPHX,UPS849,25R,MD11,1135
2025-10-01 03:18:59,ab967b,landing,KPHX,DAL2297,26,B739,1135
2025-10-01 03:20:20,abfd8c,landing,KPHX,SWA333,25R,B38M,1135
2025-10-01 03:26:15,a104c3,takeoff,KPHX,FDX1837,25R,B763,1135
2025-10-01 03:28:35,ad45a4,landing,KPHX,AAL1984,26,A21N,1135
2025-10-01 03:36:32,a88d62,takeoff,KPHX,ABX105,25R,B762,1135
2025-10-01 03:38:15,a5b923,takeoff,KPHX,UPS853,25R,B752,1135
2025-10-01 03:38:55,a55218,landing,KPHX,AAL1222,26,A21N,1135
2025-10-01 03:39:49,c0187a,takeoff,KPHX,JZA819,25R,CRJ9,1135
2025-10-01 03:40:02,ac5e6e,landing,KPHX,SWA4468,25L,B38M,1135
2025-10-01 03:42:09,a1d1d0,landing,KPHX,SWA1556,25L,B737,1135
2025-10-01 03:42:16,a9903a,takeoff,KPHX,SKW6414,25R,CRJ7,1135
2025-10-01 03:42:32,a4008e,landing,KPHX,AAL2554,26,B38M,1135
2025-10-01 03:43:47,a675c0,takeoff,KPHX,N515TW,25L,PC12,1135
2025-10-01 03:45:34,aa0a6e,takeoff,KPHX,SKW6451,25R,CRJ7,1135
2025-10-01 03:48:56,ab5bd4,landing,KPHX,SWA1822,26,B738,1135
2025-10-01 03:51:18,a5a878,landing,KPHX,AAL1675,26,A21N,1135
2025-10-01 03:55:49,a44520,landing,KPHX,UAL2078,26,B739,1135
2025-10-01 03:59:36,ada167,landing,KPHX,ASA632,26,B39M,1135
2025-10-01 04:07:17,ad1857,takeoff,KPHX,ASA141,25R,B39M,1135
2025-10-01 04:08:24,a422f7,landing,KPHX,DAL757,26,A321,1135
2025-10-01 04:11:09,aab18c,landing,KPHX,SWA196,26,B737,1135
2025-10-01 04:15:59,a2524f,landing,KPHX,N249K,25L,C172,1135
2025-10-01 04:16:48,ac501e,takeoff,KPHX,SWA2824,25R,B38M,1135
2025-10-01 04:24:05,a34e40,landing,KPHX,ABX5177,25L,B762,1135
2025-10-01 04:25:23,a874a4,landing,KPHX,FFT4753,26,A21N,1135
2025-10-01 04:27:12,c03c04,landing,KPHX,WJA1536,26,B737,1135
2025-10-01 04:29:13,ac5eb4,landing,KPHX,SWA2605,25R,B38M,1135
2025-10-01 04:33:35,ac247a,landing,KPHX,SWA4026,25R,B38M,1135
2025-10-01 04:36:06,a37af8,landing,KPHX,AAL457,26,B38M,1135
2025-10-01 04:37:20,aa7ac8,landing,KPHX,SWA3488,25R,B737,1135
2025-10-01 04:38:54,a70f88,landing,KPHX,DAL2076,26,B752,1135
2025-10-01 04:40:46,aa7f23,landing,KPHX,UAL602,26,B39M,1135
2025-10-01 04:42:34,a3dc4e,landing,KPHX,N348PC,,PC12,1135
2025-10-01 04:44:06,a5aff2,landing,KPHX,AAL1768,26,A21N,1135
2025-10-01 04:46:19,a98f6a,landing,KPHX,JBU135,26,A320,1135
2025-10-01 04:47:06,a6f581,landing,KPHX,SCX3093,25R,B738,1135
2025-10-01 04:48:38,abf3da,landing,KPHX,SWA323,25R,B738,1135
2025-10-01 04:51:14,a7824e,landing,KPHX,DAL842,26,B753,1135
2025-10-01 04:53:34,abd994,landing,KPHX,SWA1958,26,B738,1135
2025-10-01 04:55:40,a9768a,landing,KPHX,FFT3484,26,A321,1135
2025-10-01 04:57:40,ac5e23,landing,KPHX,SWA3416,25R,B38M,1135
2025-10-01 05:01:25,a70c67,landing,KPHX,AAL1151,26,A321,1135
2025-10-01 05:05:33,a2524f,takeoff,KPHX,N249K,25R,C172,1135
2025-10-01 05:07:09,aab18c,takeoff,KPHX,SWA1681,25R,B737,1135
2025-10-01 05:07:47,a6b7ec,landing,KPHX,ASA1210,26,B738,1135
2025-10-01 05:08:20,abfd8c,takeoff,KPHX,SWA2309,25R,B38M,1135
2025-10-01 05:09:55,acbd69,landing,KPHX,N92SH,25R,PRM1,1135
2025-10-01 05:12:57,abedd9,landing,KPHX,N868PE,25R,PC12,1135
2025-10-01 05:14:01,aa735a,landing,KPHX,SWA1663,26,B737,1135
2025-10-01 05:15:39,a2396e,landing,KPHX,SWA3869,26,B737,1135
2025-10-01 05:17:01,a44502,landing,KPHX,DAL2698,26,B738,1135
2025-10-01 05:18:41,a7ef08,landing,KPHX,SKW3827,26,E75L,1135
2025-10-01 05:21:47,407943,takeoff,KPHX,BAW3GB,26,A35K,1135
2025-10-01 05:22:52,a2281f,landing,KPHX,N238VM,25R,PC12,1135
2025-10-01 05:24:45,a2be85,takeoff,KPHX,YEL76,25R,E55P,1135
2025-10-01 05:28:00,a12735,landing,KPHX,UAL1331,26,B38M,1135
2025-10-01 05:43:28,a0224c,landing,KPHX,N1079D,25R,BE9L,1135
2025-10-01 05:45:00,acbd69,takeoff,KPHX,N92SH,25R,PRM1,1135
2025-10-01 05:56:36,a69463,takeoff,KPHX,DAL514,25R,A21N,1135
2025-10-01 06:06:12,a471ec,landing,KPHX,DAL1496,26,A321,1135
2025-10-01 06:07:38,a00920,landing,KPHX,N101HF,26,B407,1135
2025-10-01 06:08:05,abd994,takeoff,KPHX,SWA4052,25R,B738,1135
2025-10-01 06:15:11,a70f88,takeoff,KPHX,DAL2076,25R,B752,1135
2025-10-01 06:20:46,a4008e,takeoff,KPHX,AAL1280,25R,B38M,1135
2025-10-01 06:24:10,a0855d,landing,KPHX,UAL1863,26,B738,1135
2025-10-01 06:27:49,a34e40,takeoff,KPHX,ABX6622,25R,B762,1135
2025-10-01 06:28:28,acda02,landing,KPHX,AAL2504,26,A321,1135
2025-10-01 06:29:59,a70c67,takeoff,KPHX,AAL640,25R,A321,1135
2025-10-01 06:34:21,abf3da,takeoff,KPHX,SWA4016,25R,B738,1135
2025-10-01 06:44:47,a55d31,takeoff,KPHX,AAL2654,26,A21N,1135
2025-10-01 06:46:15,a98f6a,takeoff,KPHX,JBU136,25R,A320,1135
2025-10-01 06:47:35,a5aff2,takeoff,KPHX,AAL1542,25R,A21N,1135
2025-10-01 06:52:30,a7824e,takeoff,KPHX,DAL929,25R,B753,1135
2025-10-01 06:54:47,abb5ec,landing,KPHX,SKW5250,26,E75L,1135
2025-10-01 06:55:28,a55b50,takeoff,KPHX,AAL2585,25R,A21N,1135
2025-10-01 06:57:28,a12735,takeoff,KPHX,UAL1375,25R,B38M,1135
2025-10-01 07:17:35,a2281f,takeoff,KPHX,N238VM,25R,PC12,1135
2025-10-01 07:22:07,a3dc4e,takeoff,KPHX,N348PC,25R,PC12,1135
2025-10-01 07:31:30,a00920,takeoff,KPHX,N101HF,,B407,1135
2025-10-01 08:00:09,a0224c,takeoff,KPHX,N1079D,25R,BE9L,1135
2025-10-01 08:21:34,a0b169,landing,KPHX,ATN3374,26,B763,1135
2025-10-01 08:59:35,a33b23,landing,KPHX,UPS920,25R,B763,1135
2025-10-01 09:44:04,a4994f,landing,KPHX,KFS21,25R,FA20,1135
2025-10-01 09:47:13,a0bf3c,landing,KPHX,N1471R,25R,PC12,1135
2025-10-01 10:24:54,a33b23,takeoff,KPHX,UPS920,07L,B763,1135
2025-10-01 10:28:41,a28bf2,landing,KPHX,UPS850,07L,MD11,1135
2025-10-01 10:31:15,a3dc4e,landing,KPHX,N348PC,07L,PC12,1135
2025-10-01 10:48:30,a34c58,landing,KPHX,UPS856,07L,B763,1135
2025-10-01 10:54:39,a2ce7d,landing,KPHX,FDX1865,8,B763,1135
2025-10-01 11:07:11,a353c6,landing,KPHX,UPS858,8,B763,1135
2025-10-01 11:09:19,a43952,landing,KPHX,UPS9860,8,B763,1135
2025-10-01 11:16:45,a0bf3c,takeoff,KPHX,N1471R,07L,PC12,1135
2025-10-01 11:46:32,a3dc4e,takeoff,KPHX,N348PC,07L,PC12,1135
2025-10-01 11:47:41,a16c64,landing,KPHX,FDX1748,8,B763,1135
2025-10-01 11:53:56,ac03e2,landing,KPHX,SWA3908,8,B38M,1135
2025-10-01 12:06:30,ad45a4,takeoff,KPHX,AAL1655,07L,A21N,1135
2025-10-01 12:08:12,a6ca7f,landing,KPHX,ASA172,8,B738,1135
2025-10-01 12:16:09,a08a1a,takeoff,KPHX,AAL1511,07L,A321,1135
2025-10-01 12:17:27,a34c58,takeoff,KPHX,UPS2861,07L,B763,1135
2025-10-01 12:19:10,ac3c0e,landing,KPHX,FDX1403,8,B77L,1135
2025-10-01 12:34:32,a44502,takeoff,KPHX,DAL2444,07L,B738,1135
2025-10-01 12:38:51,a0b550,takeoff,KPHX,AAL2913,07L,A321,1135
2025-10-01 12:40:11,aab09a,takeoff,KPHX,SWA1667,07L,B737,1135
2025-10-01 12:41:30,a73410,takeoff,KPHX,SWA4032,07L,B737,1135
2025-10-01 12:43:43,a5bb17,landing,KPHX,AAL432,8,A21N,1135
2025-10-01 12:44:48,a0c09a,takeoff,KPHX,CTF148,07L,PC12,1135
2025-10-01 12:48:15,a06405,takeoff,KPHX,CTF124,07L,PC12,1135
2025-10-01 12:49:39,a6f581,takeoff,KPHX,SCX3090,07L,B738,1135
2025-10-01 12:51:18,ac088e,landing,KPHX,SWA2864,8,B38M,1135
2025-10-01 12:54:03,ac5e6e,takeoff,KPHX,SWA4054,07L,B38M,1135
2025-10-01 12:59:41,a353c6,takeoff,KPHX,UPS2651,07L,B763,1135
2025-10-01 13:02:28,a24ef0,landing,KPHX,ENY3511,8,E75L,1135
2025-10-01 13:07:04,a6d3b3,takeoff,KPHX,AAL1018,07L,A321,1135
2025-10-01 13:08:32,a6981a,takeoff,KPHX,DAL546,07L,A21N,1135
2025-10-01 13:09:18,a59398,landing,KPHX,AAL684,8,A21N,1135
2025-10-01 13:09:53,a445ec,takeoff,KPHX,UAL2461,07L,B739,1135
2025-10-01 13:10:58,a422f7,takeoff,KPHX,DAL918,07L,A321,1135
2025-10-01 13:11:42,a3861f,landing,KPHX,AAL455,8,B38M,1135
2025-10-01 13:12:10,a28bf2,takeoff,KPHX,UPS2859,07L,MD11,1135
2025-10-01 13:13:48,abb5ec,takeoff,KPHX,SKW5568,07L,E75L,1135
2025-10-01 13:15:16,a44520,takeoff,KPHX,UAL1318,07L,B739,1135
2025-10-01 13:16:20,ada167,takeoff,KPHX,ASA1271,07L,B39M,1135
2025-10-01 13:16:38,a9903a,landing,KPHX,SKW6314,07R,CRJ7,1135
2025-10-01 13:17:35,a471ec,takeoff,KPHX,DAL1535,07L,A321,1135
2025-10-01 13:18:11,a105d2,takeoff,KPHX,SYX165,07R,C404,1135
2025-10-01 13:19:20,a5cc4c,landing,KPHX,AAL692,8,A21N,1135
2025-10-01 13:19:22,a44e24,takeoff,KPHX,DAL947,07L,A321,1135
2025-10-01 13:20:27,ab5bd4,takeoff,KPHX,SWA4043,07L,B738,1135
2025-10-01 13:20:53,a64a73,landing,KPHX,SKW6431,8,E75L,1135
2025-10-01 13:21:46,acda02,takeoff,KPHX,AAL3009,07L,A321,1135
2025-10-01 13:22:22,a49671,takeoff,KPHX,WSN4,07L,B350,1135
2025-10-01 13:23:17,a43952,takeoff,KPHX,UPS2865,07L,B763,1135
2025-10-01 13:24:06,a511f6,landing,KPHX,AAL664,8,A21N,1135
2025-10-01 13:25:40,a68485,landing,KPHX,SKW6328,8,E75L,1135
2025-10-01 13:25:48,abad6c,takeoff,KPHX,SWA2100,07L,B738,1135
2025-10-01 13:27:42,a3cd7d,landing,KPHX,AAL3316,8,B738,1135
2025-10-01 13:27:56,a7ef08,takeoff,KPHX,SKW4057,07L,E75L,1135
2025-10-01 13:27:58,a0e3f0,takeoff,KPHX,AMF2118,07R,B190,1135
2025-10-01 13:29:53,a6881a,takeoff,KPHX,AMF2850,07R,BE99,1135
2025-10-01 13:30:55,a30657,takeoff,KPHX,SWA3644,07L,B737,1135
2025-10-01 13:31:04,a2f32e,takeoff,KPHX,N29AN,07R,C208,1135
2025-10-01 13:33:24,a5006a,takeoff,KPHX,AMF2186,07R,SW4,1135
2025-10-01 13:37:56,abf6a4,landing,KPHX,SKW6493,8,CRJ7,1135
2025-10-01 13:39:11,ac5e01,takeoff,KPHX,SWA824,07L,B38M,1135
2025-10-01 13:40:14,ad50a9,landing,KPHX,SWA553,07R,B737,1135
2025-10-01 13:45:08,a7288f,takeoff,KPHX,AMF2132,07R,E120,1135
2025-10-01 13:48:32,adc65e,takeoff,KPHX,AAL1813,07L,B738,1135
2025-10-01 13:49:43,a2e28f,takeoff,KPHX,SWA3164,07L,B737,1135
2025-10-01 13:50:59,a1f4cd,landing,KPHX,ENY4022,8,E75L,1135
2025-10-01 13:56:02,a3d755,takeoff,KPHX,AMF2870,07R,B190,1135
2025-10-01 13:57:16,abf9d5,landing,KPHX,SWA940,8,B38M,1135
2025-10-01 13:59:21,a2ce7d,takeoff,KPHX,FDX3629,07L,B763,1135
2025-10-01 14:03:07,ad857e,takeoff,KPHX,AAL1274,07L,A321,1135
2025-10-01 14:03:59,a5f5bf,takeoff,KPHX,SWA4034,07L,B737,1135
2025-10-01 14:05:04,aa7f23,takeoff,KPHX,UAL754,07L,B39M,1135
2025-10-01 14:05:05,a89119,landing,KPHX,ABX505,8,B762,1135
2025-10-01 14:06:14,a93adb,landing,KPHX,N694PD,07R,FA7X,1135
2025-10-01 14:06:23,ab967b,takeoff,KPHX,DAL2553,07L,B739,1135
2025-10-01 14:07:18,aa19b2,takeoff,KPHX,N75WP,8,C560,1135
2025-10-01 14:08:49,a6ca7f,takeoff,KPHX,ASA645,07L,B738,1135
2025-10-01 14:09:42,ac1ad7,takeoff,KPHX,SWA2614,07L,B38M,1135
2025-10-01 14:10:29,ac5e23,takeoff,KPHX,SWA2599,07L,B38M,1135
2025-10-01 14:11:35,a37af8,takeoff,KPHX,AAL2765,07L,B38M,1135
2025-10-01 14:11:54,a373b7,landing,KPHX,AAL1194,07R,B38M,1135
2025-10-01 14:12:25,a4bb8a,landing,KPHX,AAL1808,8,A21N,1135
2025-10-01 14:12:29,acf846,takeoff,KPHX,ASA511,07L,B39M,1135
2025-10-01 14:13:29,ac12be,landing,KPHX,SWA4008,8,B38M,1135
2025-10-01 14:15:08,a51b27,landing,KPHX,UPS7891,07R,B752,1135
2025-10-01 14:15:40,adcdcc,landing,KPHX,AAL1560,8,B738,1135
2025-10-01 14:17:22,ad4747,landing,KPHX,AAL1348,8,B738,1135
2025-10-01 14:17:45,a0855d,takeoff,KPHX,UAL2051,07L,B738,1135
2025-10-01 14:18:49,ac3c0e,takeoff,KPHX,FDX428,07L,B77L,1135
2025-10-01 14:21:02,ac2f18,takeoff,KPHX,SWA1371,07L,B38M,1135
2025-10-01 14:22:59,a68a95,landing,KPHX,SKW5007,8,E75L,1135
2025-10-01 14:24:16,a666cd,landing,KPHX,SKW6404,8,E75L,1135
2025-10-01 14:24:27,a88d0d,landing,KPHX,GTW650,07R,G150,1135
2025-10-01 14:25:39,aa0701,landing,KPHX,AAL1741,8,A319,1135
2025-10-01 14:25:42,a4fbac,takeoff,KPHX,AAL1139,07L,A21N,1135
2025-10-01 14:26:05,a38633,landing,KPHX,AAL1358,07R,B38M,1135
2025-10-01 14:26:52,a24ef0,takeoff,KPHX,ENY3799,07L,E75L,1135
2025-10-01 14:27:45,aaadf8,takeoff,KPHX,SWA4470,07L,B737,1135
2025-10-01 14:27:52,a757ae,landing,KPHX,AAL625,07R,A321,1135
2025-10-01 14:28:40,a8b805,landing,KPHX,AAL2658,8,A320,1135
2025-10-01 14:29:20,abb271,landing,KPHX,SWA3955,07R,B738,1135
2025-10-01 14:29:31,aa7ac8,takeoff,KPHX,SWA3610,07L,B737,1135
2025-10-01 14:30:12,a9903a,takeoff,KPHX,SKW6338,07L,CRJ7,1135
2025-10-01 14:30:51,ac5869,takeoff,KPHX,CFS8802,07R,C208,1135
2025-10-01 14:30:57,a32fa7,landing,KPHX,AAL1867,8,B38M,1135
2025-10-01 14:32:13,aa466f,landing,KPHX,SKW6406,07R,CRJ7,1135
2025-10-01 14:32:20,a6c4d7,landing,KPHX,AAL474,8,A321,1135
2025-10-01 14:33:38,a9bf27,landing,KPHX,SKW4923,07R,CRJ7,1135
2025-10-01 14:34:30,aa11dc,landing,KPHX,SKW6275,8,CRJ7,1135
2025-10-01 14:35:29,aa596c,landing,KPHX,SKW4988,07R,CRJ7,1135
2025-10-01 14:36:07,a21c4c,landing,KPHX,ENY3636,8,E75L,1135
2025-10-01 14:36:11,a68485,takeoff,KPHX,SKW6341,07L,E75L,1135
2025-10-01 14:37:35,a3f401,takeoff,KPHX,DAL901,07L,A321,1135
2025-10-01 14:38:11,abdc56,takeoff,KPHX,SWA4236,07L,B738,1135
2025-10-01 14:38:21,a66e3b,landing,KPHX,SKW6401,8,E75L,1135
2025-10-01 14:39:01,a36511,landing,KPHX,KII1914,07R,B738,1135
2025-10-01 14:39:11,a3861f,takeoff,KPHX,AAL1611,07L,B38M,1135
2025-10-01 14:39:48,abd1e3,landing,KPHX,SWA298,8,B738,1135
2025-10-01 14:41:09,a3117c,takeoff,KPHX,SWA4085,07L,B737,1135
2025-10-01 14:41:32,aab146,landing,KPHX,SWA3441,8,B737,1135
2025-10-01 14:43:00,accf07,landing,KPHX,SWA1793,8,B737,1135
2025-10-01 14:43:49,ac3d0e,takeoff,KPHX,N888RK,07R,C25C,1135
2025-10-01 14:46:52,a2e646,landing,KPHX,SWA2697,07R,B737,1135
2025-10-01 14:47:30,a651e1,landing,KPHX,SKW6450,8,E75L,1135
2025-10-01 14:48:04,a77f2d,takeoff,KPHX,AAL1668,07L,A321,1135
2025-10-01 14:49:00,a39e0c,landing,KPHX,ENY3527,8,E75L,1135
2025-10-01 14:49:38,a64a73,takeoff,KPHX,SKW6469,07L,E75L,1135
2025-10-01 14:50:29,c0466c,takeoff,KPHX,ROU1730,07L,A319,1135
2025-10-01 14:50:37,abf9f8,landing,KPHX,SWA1748,07R,B38M,1135
2025-10-01 14:51:13,a5bb17,takeoff,KPHX,AAL2020,07L,A21N,1135
2025-10-01 14:51:31,abebbe,landing,KPHX,SWA1706,8,B738,1135
2025-10-01 14:51:50,aa220a,takeoff,KPHX,CFS8812,07L,C208,1135
2025-10-01 14:52:39,a6598e,landing,KPHX,VOI1882,07R,A320,1135
2025-10-01 14:53:09,aa7757,landing,KPHX,SWA3937,8,B737,1135
2025-10-01 14:55:40,ac20c4,landing,KPHX,SWA3177,07R,B38M,1135
2025-10-01 14:56:24,a8ae3e,takeoff,KPHX,AAL2466,07L,A320,1135
2025-10-01 14:56:29,ad21bc,landing,KPHX,SWA2099,8,B737,1135
2025-10-01 14:56:55,ac1e57,takeoff,KPHX,CFS8801,07L,C208,1135
2025-10-01 14:58:05,a95521,takeoff,KPHX,CFS8775,07L,C208,1135
2025-10-01 14:58:17,ac6b67,landing,KPHX,N9KM,07R,C525,1135
2025-10-01 14:58:39,ab6b45,landing,KPHX,DAL1447,8,B739,1135
2025-10-01 14:59:35,abc107,landing,KPHX,SWA2078,07R,B738,1135
2025-10-01 15:00:19,a53b69,landing,KPHX,SWA1109,8,B737,1135
2025-10-01 15:01:25,ad493b,landing,KPHX,SWA2061,07R,B737,1135
2025-10-01 15:01:33,a9768a,takeoff,KPHX,FFT1061,07L,A321,1135
2025-10-01 15:01:42,ac5efa,landing,KPHX,SWA232,8,B38M,1135
2025-10-01 15:02:57,a5b760,landing,KPHX,AAL628,07R,A21N,1135
2025-10-01 15:04:01,a29748,landing,KPHX,SWA4259,07L,B737,1135
2025-10-01 15:04:18,aa9e4a,landing,KPHX,SWA3182,8,B737,1135
2025-10-01 15:05:08,ac5e8d,landing,KPHX,SWA2903,07R,B38M,1135
2025-10-01 15:05:34,ad50a9,takeoff,KPHX,SWA2315,07L,B737,1135
2025-10-01 15:06:20,a494c5,landing,KPHX,UAL2614,07R,B739,1135
2025-10-01 15:06:27,a874a4,takeoff,KPHX,FFT1376,07L,A21N,1135
2025-10-01 15:06:45,ac3f09,landing,KPHX,SWA1828,8,B38M,1135
2025-10-01 15:07:42,a6b7ec,takeoff,KPHX,ASA609,07L,B738,1135
2025-10-01 15:07:56,a8943d,landing,KPHX,AAL1285,07R,A320,1135
2025-10-01 15:10:17,c03c04,takeoff,KPHX,WJA1499,07L,B737,1135
2025-10-01 15:10:21,a276dd,landing,KPHX,SKW4119,07R,E75L,1135
2025-10-01 15:10:29,ac3338,landing,KPHX,SWA3743,8,B38M,1135
2025-10-01 15:11:19,ac1042,landing,KPHX,SWA738,07R,B38M,1135
2025-10-01 15:12:56,a25ca4,landing,KPHX,EJA251,07R,CL60,1135
2025-10-01 15:13:02,a32396,takeoff,KPHX,FFT1571,07L,A20N,1135
2025-10-01 15:14:37,a30f95,landing,KPHX,N297BA,07R,G280,1135
2025-10-01 15:15:43,a1f4cd,takeoff,KPHX,ENY3948,07L,E75L,1135
2025-10-01 15:16:30,ab4508,landing,KPHX,SKW4810,8,CRJ9,1135
2025-10-01 15:16:41,a16db9,takeoff,KPHX,AAL1625,07L,A321,1135
2025-10-01 15:18:45,aa2abc,landing,KPHX,AAL3085,8,A319,1135
2025-10-01 15:19:37,abb271,takeoff,KPHX,SWA3482,07L,B738,1135
2025-10-01 15:24:36,a4f1e5,landing,KPHX,AAL2315,8,A21N,1135
2025-10-01 15:26:06,a12f4c,landing,KPHX,UAL1481,8,B39M,1135
2025-10-01 15:26:09,ac12be,takeoff,KPHX,SWA706,07L,B38M,1135
2025-10-01 15:27:40,add3dc,landing,KPHX,AAL1958,8,B738,1135
2025-10-01 15:27:53,a0b169,takeoff,KPHX,ATN3329,07L,B763,1135
2025-10-01 15:29:24,a011ac,landing,KPHX,AAL1777,8,A320,1135
2025-10-01 15:29:50,a74290,takeoff,KPHX,AMF1367,07L,E120,1135
2025-10-01 15:30:51,a32886,landing,KPHX,AAL445,8,B38M,1135
2025-10-01 15:32:08,a1e5eb,takeoff,KPHX,N221NG,07R,PC12,1135
2025-10-01 15:32:38,ac7b8a,landing,KPHX,AAL2601,8,B738,1135
2025-10-01 15:33:39,a48ae7,takeoff,KPHX,HAL35,07L,A332,1135
2025-10-01 15:34:37,ab6b02,landing,KPHX,AAL634,8,A319,1135
2025-10-01 15:36:33,ad5837,landing,KPHX,AAL428,8,A21N,1135
2025-10-01 15:36:37,a3cd7d,takeoff,KPHX,AAL601,07L,B738,1135
2025-10-01 15:37:56,a3a0eb,landing,KPHX,UAL2374,07R,B738,1135
2025-10-01 15:38:13,aa59a5,landing,KPHX,AAL2645,8,A319,1135
2025-10-01 15:39:45,abe124,landing,KPHX,SWA1680,8,B738,1135
2025-10-01 15:40:22,ab35cb,takeoff,KPHX,AAL408,07L,B738,1135
2025-10-01 15:41:38,a666cd,takeoff,KPHX,SKW6388,07L,E75L,1135
2025-10-01 15:42:02,a7f40f,landing,KPHX,SKW6441,8,CRJ7,1135
2025-10-01 15:42:49,a00125,landing,KPHX,N1MR,07R,E55P,1135
2025-10-01 15:44:05,a1277a,takeoff,KPHX,UAL782,07L,B38M,1135
2025-10-01 15:44:32,abbdfa,landing,KPHX,DAL978,8,B739,1135
2025-10-01 15:44:35,a5dc0c,landing,KPHX,CBC477,07R,PC12,1135
2025-10-01 15:46:01,a540e3,landing,KPHX,AAL2006,8,A21N,1135
2025-10-01 15:46:40,accf07,takeoff,KPHX,SWA2063,07L,B737,1135
2025-10-01 15:47:32,aa0a6e,landing,KPHX,SKW6512,07R,CRJ7,1135
2025-10-01 15:47:38,a3ca1a,landing,KPHX,AAL1885,8,B38M,1135
2025-10-01 15:48:18,a0de99,takeoff,KPHX,AAL535,07L,A321,1135
2025-10-01 15:49:23,abf29f,landing,KPHX,SWA2795,07R,B738,1135
2025-10-01 15:49:46,abf9d5,takeoff,KPHX,SWA1416,07L,B38M,1135
2025-10-01 15:49:46,a3b186,landing,KPHX,AAL2369,8,B38M,1135
2025-10-01 15:50:36,aa596c,takeoff,KPHX,SKW4985,07L,CRJ7,1135
2025-10-01 15:51:21,a6ec56,landing,KPHX,AAL1282,8,A321,1135
2025-10-01 15:51:26,aa7757,takeoff,KPHX,SWA2922,07L,B737,1135
2025-10-01 15:52:59,a22b28,landing,KPHX,ENY4233,8,E75L,1135
2025-10-01 15:53:09,a511f6,takeoff,KPHX,AAL1461,07L,A21N,1135
2025-10-01 15:54:06,abf6a4,takeoff,KPHX,SKW6349,07L,CRJ7,1135
2025-10-01 15:54:54,a3c2be,takeoff,KPHX,AAL2339,07L,B38M,1135
2025-10-01 15:54:55,a106fd,landing,KPHX,VTE3301,8,E135,1135
2025-10-01 15:55:34,a66e3b,takeoff,KPHX,SKW6249,07L,E75L,1135
2025-10-01 15:56:02,a021e9,landing,KPHX,N1076K,07R,BE9L,1135
2025-10-01 15:56:42,a8b805,takeoff,KPHX,AAL2375,07L,A320,1135
2025-10-01 15:57:41,addf01,landing,KPHX,AAL3216,07R,B738,1135
2025-10-01 15:57:44,ac0b61,takeoff,KPHX,UAL1873,07L,B738,1135
2025-10-01 15:58:23,a506d1,takeoff,KPHX,AAL2719,07L,A21N,1135
2025-10-01 15:59:05,a21839,landing,KPHX,ENY4033,8,E75L,1135
2025-10-01 15:59:13,a2c1b6,takeoff,KPHX,ENY4151,07L,E75L,1135
2025-10-01 16:00:01,a21c4c,takeoff,KPHX,ENY4165,07L,E75L,1135
2025-10-01 16:01:02,a3572c,takeoff,KPHX,AAL2623,07L,B38M,1135
2025-10-01 16:01:14,a71b43,landing,KPHX,AAL520,07R,A321,1135
2025-10-01 16:01:50,abd1e3,takeoff,KPHX,SWA1872,07L,B738,1135
2025-10-01 16:02:32,ad36c8,takeoff,KPHX,AAL1402,07L,A21N,1135
2025-10-01 16:02:49,a9fb4e,landing,KPHX,AAL2963,07R,A319,1135
2025-10-01 16:03:28,abae8f,landing,KPHX,SWA3379,8,B738,1135
2025-10-01 16:03:41,ad4747,takeoff,KPHX,AAL2954,07L,B738,1135
2025-10-01 16:04:08,ac2c56,takeoff,KPHX,SWA3553,07L,B38M,1135
2025-10-01 16:04:38,a5ca89,landing,KPHX,SWA149,07R,B737,1135
2025-10-01 16:05:01,aa0701,takeoff,KPHX,AAL2455,07L,A319,1135
2025-10-01 16:05:39,aa797d,landing,KPHX,SKW6392,8,CRJ7,1135
2025-10-01 16:05:55,a53b69,takeoff,KPHX,SWA2030,07L,B737,1135
2025-10-01 16:06:42,ab4c83,landing,KPHX,SCX603,8,B738,1135
2025-10-01 16:06:44,a1e5f1,landing,KPHX,ENY4187,07R,E75L,1135
2025-10-01 16:08:00,a5031a,landing,KPHX,AAL769,8,A21N,1135
2025-10-01 16:08:06,abebbe,takeoff,KPHX,SWA864,07L,B738,1135
2025-10-01 16:09:00,ad493b,takeoff,KPHX,SWA1660,07L,B737,1135
2025-10-01 16:09:33,a67960,landing,KPHX,SKW6327,8,E75L,1135
2025-10-01 16:09:43,a39e0c,takeoff,KPHX,ENY3809,07L,E75L,1135
2025-10-01 16:10:38,a651e1,takeoff,KPHX,SKW6477,07L,E75L,1135
2025-10-01 16:11:03,a63f4e,landing,KPHX,SKW6515,8,E75L,1135
2025-10-01 16:11:22,a88ccf,landing,KPHX,AAL2053,07R,A320,1135
2025-10-01 16:11:32,aa11dc,takeoff,KPHX,SKW6253,07L,CRJ7,1135
2025-10-01 16:12:17,a6594f,landing,KPHX,SKW6516,8,E75L,1135
2025-10-01 16:12:21,a32fa7,takeoff,KPHX,AAL515,07L,B38M,1135
2025-10-01 16:13:06,a4bb8a,takeoff,KPHX,AAL3191,07L,A21N,1135
2025-10-01 16:13:24,a32844,landing,KPHX,ENY3478,8,E75L,1135
2025-10-01 16:14:34,a66a84,landing,KPHX,SKW6395,8,E75L,1135
2025-10-01 16:15:07,ac5efa,takeoff,KPHX,SWA4101,07L,B38M,1135
2025-10-01 16:16:00,adcdcc,takeoff,KPHX,AAL2990,07L,B738,1135
2025-10-01 16:16:10,a1d873,landing,KPHX,ENY3464,8,E75L,1135
2025-10-01 16:16:36,ac53b2,takeoff,KPHX,SWA3490,07L,B38M,1135
2025-10-01 16:17:37,a9cca5,landing,KPHX,SKW4939,07R,CRJ7,1135
2025-10-01 16:17:42,a29748,takeoff,KPHX,SWA1405,07L,B737,1135
2025-10-01 16:17:55,a70463,landing,KPHX,DAL348,8,B752,1135
2025-10-01 16:18:26,a2e646,takeoff,KPHX,SWA1424,07L,B737,1135
2025-10-01 16:19:02,a380f5,landing,KPHX,N325AT,07R,C25A,1135
2025-10-01 16:19:46,ac3f09,takeoff,KPHX,SWA1200,07L,B38M,1135
2025-10-01 16:19:46,a29cbf,landing,KPHX,ASA1239,8,B739,1135
2025-10-01 16:20:42,a373b7,takeoff,KPHX,AAL1968,07L,B38M,1135
2025-10-01 16:21:18,a57997,landing,KPHX,AAL1983,07R,A21N,1135
2025-10-01 16:21:28,a8943d,takeoff,KPHX,AAL1620,07L,A320,1135
2025-10-01 16:22:27,a276dd,takeoff,KPHX,SKW4119,07L,E75L,1135
2025-10-01 16:22:48,a55055,landing,KPHX,SWA4275,07R,B737,1135
2025-10-01 16:22:55,c041b9,landing,KPHX,WJA1532,8,B38M,1135
2025-10-01 16:23:18,a5cc4c,takeoff,KPHX,AAL1450,07L,A21N,1135
2025-10-01 16:24:00,a3e542,landing,KPHX,WSN9,07R,B350,1135
2025-10-01 16:24:37,a37738,takeoff,KPHX,ENY4093,07L,E75L,1135
2025-10-01 16:25:21,ac4bfe,landing,KPHX,SWA3257,8,B38M,1135
2025-10-01 16:25:42,aac954,takeoff,KPHX,UAL2858,07L,B739,1135
2025-10-01 16:25:51,a9903a,landing,KPHX,SKW6338,07R,CRJ7,1135
2025-10-01 16:26:22,ac20c4,takeoff,KPHX,SWA3717,07L,B38M,1135
2025-10-01 16:27:07,abb5e6,landing,KPHX,SKW5960,07R,E75L,1135
2025-10-01 16:27:11,a6c4d7,takeoff,KPHX,AAL2226,07L,A321,1135
2025-10-01 16:27:50,a06bd3,landing,KPHX,AAL2414,8,A320,1135
2025-10-01 16:28:05,aab146,takeoff,KPHX,SWA1298,07L,B737,1135
2025-10-01 16:28:37,a8fd3c,landing,KPHX,AAL2858,07R,A320,1135
2025-10-01 16:30:15,a646bc,landing,KPHX,SKW4942,07R,E75L,1135
2025-10-01 16:30:59,abc107,takeoff,KPHX,SWA495,07L,B738,1135
2025-10-01 16:31:47,acd2be,landing,KPHX,SWA186,8,B737,1135
2025-10-01 16:31:52,abf9f8,takeoff,KPHX,SWA2938,07L,B38M,1135
2025-10-01 16:32:36,abdc9b,landing,KPHX,SWA2408,07R,B738,1135
2025-10-01 16:32:47,ac1042,takeoff,KPHX,SWA1448,07L,B38M,1135
2025-10-01 16:34:03,c075f1,takeoff,KPHX,CGSRG,07R,C525,1135
2025-10-01 16:34:05,aa777e,landing,KPHX,SWA1745,8,B737,1135
2025-10-01 16:35:11,ac1675,landing,KPHX,SWA2768,07R,B38M,1135
2025-10-01 16:35:13,ac5e8d,takeoff,KPHX,SWA3249,07L,B38M,1135
2025-10-01 16:36:36,abe147,takeoff,KPHX,SWA2825,07L,B738,1135
2025-10-01 16:37:04,abe09a,landing,KPHX,SWA2278,07R,B738,1135
2025-10-01 16:37:20,ac4c44,takeoff,KPHX,SWA3827,07L,B38M,1135
2025-10-01 16:37:22,ab879f,landing,KPHX,DAL1070,8,B739,1135
2025-10-01 16:38:16,a89119,takeoff,KPHX,ABX505,07L,B762,1135
2025-10-01 16:38:41,a2d3b3,landing,KPHX,SWA1136,8,B737,1135
2025-10-01 16:39:49,a2efae,landing,KPHX,SWA1280,8,B737,1135
2025-10-01 16:40:24,a36511,takeoff,KPHX,KII1914,07L,B738,1135
2025-10-01 16:40:59,a4463e,landing,KPHX,DAL2419,8,B738,1135
2025-10-01 16:41:22,ad21bc,takeoff,KPHX,SWA1493,07L,B737,1135
2025-10-01 16:42:11,aa9e4a,takeoff,KPHX,SWA2607,07L,B737,1135
2025-10-01 16:42:31,a12711,landing,KPHX,UAL1796,8,B38M,1135
2025-10-01 16:43:01,ac03e2,takeoff,KPHX,SWA2354,07L,B38M,1135
2025-10-01 16:43:50,a517a1,landing,KPHX,SWA1533,8,B737,1135
2025-10-01 16:44:09,ad5398,takeoff,KPHX,AAL554,07L,B738,1135
2025-10-01 16:44:51,a68a95,takeoff,KPHX,SKW4991,07L,E75L,1135
2025-10-01 16:44:56,abc4d8,landing,KPHX,SWA114,8,B738,1135
2025-10-01 16:45:43,ac5eb4,takeoff,KPHX,SWA3075,07L,B38M,1135
2025-10-01 16:46:19,a02088,takeoff,KPHX,AAL811,07L,A320,1135
2025-10-01 16:46:20,a50f40,landing,KPHX,SWA1555,8,B737,1135
2025-10-01 16:47:11,ab6b45,takeoff,KPHX,DAL681,07L,B739,1135
2025-10-01 16:47:37,abe8b6,landing,KPHX,SWA2606,8,B738,1135
2025-10-01 16:48:18,a6598e,takeoff,KPHX,VOI1883,07L,A320,1135
2025-10-01 16:48:53,a624ac,landing,KPHX,SWA1776,8,B737,1135
2025-10-01 16:49:15,ac088e,takeoff,KPHX,SWA3906,07L,B38M,1135
2025-10-01 16:50:04,aa466f,takeoff,KPHX,SKW6189,07L,CRJ7,1135
2025-10-01 16:50:29,a0fea6,landing,KPHX,AAL1678,8,A321,1135
2025-10-01 16:51:07,a38633,takeoff,KPHX,AAL1728,07L,B38M,1135
2025-10-01 16:52:12,a5a878,takeoff,KPHX,AAL1688,07L,A21N,1135
2025-10-01 16:52:52,a5dc0c,takeoff,KPHX,CBC477,07R,PC12,1135
2025-10-01 16:54:54,abb4ea,landing,KPHX,SWA634,07R,B738,1135
2025-10-01 16:55:52,abe7c5,landing,KPHX,SWA3265,8,B738,1135
2025-10-01 16:56:14,aa0a6e,takeoff,KPHX,SKW4955,07L,CRJ7,1135
2025-10-01 16:57:59,ab6b02,takeoff,KPHX,AAL1352,07L,A319,1135
2025-10-01 16:58:46,abbdfa,takeoff,KPHX,DAL686,07L,B739,1135
2025-10-01 16:59:58,a12f4c,takeoff,KPHX,UAL597,07L,B39M,1135
2025-10-01 17:01:25,a757ae,takeoff,KPHX,AAL3284,07L,A321,1135
2025-10-01 17:02:05,c05219,landing,KPHX,ROU1721,8,A320,1135
2025-10-01 17:02:21,a96436,takeoff,KPHX,N704JD,07R,F2TH,1135
2025-10-01 17:03:26,a6893e,landing,KPHX,DAL791,8,A21N,1135
2025-10-01 17:03:50,aa59a5,takeoff,KPHX,AAL1083,07L,A319,1135
2025-10-01 17:04:03,aab5ff,landing,KPHX,N79DH,07R,G280,1135
2025-10-01 17:05:00,ab14d9,landing,KPHX,DAL2288,8,B739,1135
2025-10-01 17:06:07,ac3ff3,takeoff,KPHX,HNW900,8,F900,1135
2025-10-01 17:06:36,ab3129,landing,KPHX,LYM3101,07L,SW4,1135
2025-10-01 17:08:07,a24a31,landing,KPHX,MXY516,8,BCS3,1135
2025-10-01 17:09:26,a3a0eb,takeoff,KPHX,UAL2614,07L,B738,1135
2025-10-01 17:10:12,ac3338,takeoff,KPHX,SWA6329,07L,B38M,1135
2025-10-01 17:11:26,abe124,takeoff,KPHX,SWA4044,07L,B738,1135
2025-10-01 17:12:09,abf29f,takeoff,KPHX,SWA715,07L,B738,1135
2025-10-01 17:13:30,ad35e0,takeoff,KPHX,AAL1437,07L,B738,1135
2025-10-01 17:13:53,abe40a,landing,KPHX,SWA3451,07R,B738,1135
2025-10-01 17:14:15,abd230,takeoff,KPHX,SWA3566,07L,B738,1135
2025-10-01 17:15:13,a32c3e,takeoff,KPHX,AAL1677,07L,B38M,1135
2025-10-01 17:15:35,a04183,landing,KPHX,VTE3347,8,E135,1135
2025-10-01 17:16:38,a631bb,landing,KPHX,CBC499,07R,PC12,1135
2025-10-01 17:17:45,a1e5f1,takeoff,KPHX,ENY3940,07L,E75L,1135
2025-10-01 17:18:19,a4460d,landing,KPHX,UAL267,8,B739,1135
2025-10-01 17:19:13,a07522,landing,KPHX,AAL1976,07R,A321,1135
2025-10-01 17:19:41,a66a84,takeoff,KPHX,SKW6437,07L,E75L,1135
2025-10-01 17:20:20,a445ef,landing,KPHX,UAL1249,8,B739,1135
2025-10-01 17:20:26,a5ca89,takeoff,KPHX,SWA359,07L,B737,1135
2025-10-01 17:21:21,a32886,takeoff,KPHX,AAL1924,07L,B38M,1135
2025-10-01 17:22:04,ab6eb9,takeoff,KPHX,AAL2015,07L,A319,1135
2025-10-01 17:23:05,a32844,takeoff,KPHX,ENY3892,07L,E75L,1135
2025-10-01 17:23:56,a5b760,takeoff,KPHX,AAL693,07L,A21N,1135
2025-10-01 17:24:00,a22642,landing,KPHX,ASA606,8,B739,1135
2025-10-01 17:24:52,a380f5,takeoff,KPHX,N325AT,07R,C25A,1135
2025-10-01 17:26:13,a6594f,takeoff,KPHX,SKW4811,07L,E75L,1135
2025-10-01 17:27:09,a21839,takeoff,KPHX,ENY4204,07L,E75L,1135
2025-10-01 17:27:54,a011ac,takeoff,KPHX,AAL501,07L,A320,1135
2025-10-01 17:28:00,abd254,landing,KPHX,SWA3784,8,B738,1135
2025-10-01 17:29:01,ac7b8a,takeoff,KPHX,AAL2899,07L,B738,1135
2025-10-01 17:29:56,a40469,landing,KPHX,VJA358,07R,CL35,1135
2025-10-01 17:29:58,a9cca5,takeoff,KPHX,SKW6330,07L,CRJ7,1135
2025-10-01 17:30:57,a6ec56,takeoff,KPHX,AAL332,07L,A321,1135
2025-10-01 17:31:53,a7f40f,takeoff,KPHX,SKW6348,07L,CRJ7,1135
2025-10-01 17:32:07,ab274c,landing,KPHX,KOW818,07R,C750,1135
2025-10-01 17:32:52,aa797d,takeoff,KPHX,SKW6408,07L,CRJ7,1135
2025-10-01 17:34:21,a70463,takeoff,KPHX,DAL348,07L,B752,1135
2025-10-01 17:34:29,abec4d,landing,KPHX,SWA1173,8,B738,1135
2025-10-01 17:35:56,c041b9,takeoff,KPHX,WJA1463,07L,B38M,1135
2025-10-01 17:36:02,acb0b6,landing,KPHX,ASA1206,8,B39M,1135
2025-10-01 17:36:46,add3dc,takeoff,KPHX,AAL2689,07L,B738,1135
2025-10-01 17:37:32,abf6a4,landing,KPHX,SKW4909,07R,CRJ7,1135
2025-10-01 17:37:47,ab4c83,takeoff,KPHX,SCX604,07L,B738,1135
2025-10-01 17:38:52,a51738,takeoff,KPHX,N427SH,07R,PC24,1135
2025-10-01 17:40:14,a1d873,takeoff,KPHX,ENY3962,07L,E75L,1135
2025-10-01 17:40:54,ad5837,takeoff,KPHX,AAL1992,07L,A21N,1135
2025-10-01 17:42:50,a3ca1a,takeoff,KPHX,AAL2661,07L,B38M,1135
2025-10-01 17:43:54,a3b186,takeoff,KPHX,AAL2122,07L,B38M,1135
2025-10-01 17:45:19,abd536,landing,KPHX,SWA958,8,B738,1135
2025-10-01 17:45:19,ac4bfe,takeoff,KPHX,SWA3257,07L,B38M,1135
2025-10-01 17:46:32,addf01,takeoff,KPHX,AAL1884,07L,B738,1135
2025-10-01 17:47:33,a4f1e5,takeoff,KPHX,AAL645,07L,A21N,1135
2025-10-01 17:47:38,a5bb17,landing,KPHX,AAL2983,8,A21N,1135
2025-10-01 17:48:42,a49570,landing,KPHX,WSN5,07R,B350,1135
2025-10-01 17:48:43,acd2be,takeoff,KPHX,SWA143,07L,B737,1135
2025-10-01 17:49:27,a24573,landing,KPHX,UAL2422,8,A21N,1135
2025-10-01 17:49:39,a8fd3c,takeoff,KPHX,AAL540,07L,A320,1135
2025-10-01 17:50:26,a7d630,takeoff,KPHX,AAL2928,07L,A320,1135
2025-10-01 17:51:09,a8ae3e,landing,KPHX,AAL2466,8,A320,1135
2025-10-01 17:51:24,abae8f,takeoff,KPHX,SWA2580,07L,B738,1135
2025-10-01 17:52:20,a1d1d0,takeoff,KPHX,SWA2020,07L,B737,1135
2025-10-01 17:52:35,a9dc5e,landing,KPHX,UAL1895,8,B739,1135
2025-10-01 17:53:16,ad5fe7,takeoff,KPHX,ASA583,07L,B39M,1135
2025-10-01 17:54:46,a71b43,takeoff,KPHX,AAL2109,8,A321,1135
2025-10-01 17:55:36,a50f40,takeoff,KPHX,SWA3547,07L,B737,1135
2025-10-01 17:55:52,a77f2d,landing,KPHX,AAL2312,8,A321,1135
2025-10-01 17:56:53,abb5e6,takeoff,KPHX,SKW5640,07L,E75L,1135
2025-10-01 17:57:39,a3861f,landing,KPHX,AAL2953,8,B38M,1135
2025-10-01 17:57:51,a3e542,takeoff,KPHX,WSN9,07L,B350,1135
2025-10-01 17:59:04,a67960,takeoff,KPHX,SKW4925,07L,E75L,1135
2025-10-01 17:59:41,aab5ff,takeoff,KPHX,N79DH,07R,G280,1135
2025-10-01 18:00:56,a06f7d,landing,KPHX,N127UH,07R,PC24,1135
2025-10-01 18:01:04,a06bd3,takeoff,KPHX,AAL1299,07L,A320,1135
2025-10-01 18:01:47,a646bc,takeoff,KPHX,SKW4934,07L,E75L,1135
2025-10-01 18:02:11,a1ca5f,landing,KPHX,SWA1328,07R,B737,1135
2025-10-01 18:02:32,a624ac,takeoff,KPHX,SWA1776,07L,B737,1135
2025-10-01 18:03:29,a22b28,takeoff,KPHX,ENY3929,07L,E75L,1135
2025-10-01 18:03:32,a6d36d,landing,KPHX,FDY809,07R,C208,1135
2025-10-01 18:04:20,ac1675,takeoff,KPHX,SWA2811,07L,B38M,1135
2025-10-01 18:05:26,a63f4e,takeoff,KPHX,SKW4944,07L,E75L,1135
2025-10-01 18:06:18,a0533d,takeoff,KPHX,N12VJ,07R,SF50,1135
2025-10-01 18:07:47,aca3a3,landing,KPHX,AAL1986,8,A321,1135
2025-10-01 18:08:15,abc4d8,takeoff,KPHX,SWA4031,07L,B738,1135
2025-10-01 18:08:50,a540e3,takeoff,KPHX,AAL663,8,A21N,1135
2025-10-01 18:10:03,a494c5,takeoff,KPHX,UAL1932,07L,B739,1135
2025-10-01 18:10:16,a68485,landing,KPHX,SKW6342,8,E75L,1135
2025-10-01 18:10:52,aa777e,takeoff,KPHX,SWA4118,07L,B737,1135
2025-10-01 18:11:31,a2536f,landing,KPHX,SWA2872,8,B737,1135
2025-10-01 18:11:49,a29cbf,takeoff,KPHX,ASA637,07L,B739,1135
2025-10-01 18:12:28,abdc9b,takeoff,KPHX,SWA1795,07L,B738,1135
2025-10-01 18:13:16,a32396,landing,KPHX,FFT1572,07R,A20N,1135
2025-10-01 18:13:30,a44565,takeoff,KPHX,UAL1625,07L,B739,1135
2025-10-01 18:13:57,c0187a,landing,KPHX,JZA814,8,CRJ9,1135
2025-10-01 18:14:20,a2efae,takeoff,KPHX,SWA1539,07L,B737,1135
2025-10-01 18:15:14,ab879f,takeoff,KPHX,DAL1070,07L,B739,1135
2025-10-01 18:16:09,ab15ba,takeoff,KPHX,AAL1545,07L,B738,1135
2025-10-01 18:16:46,a93adb,takeoff,KPHX,N694PD,07R,FA7X,1135
2025-10-01 18:17:20,a3615f,landing,KPHX,FFT1375,8,A20N,1135
2025-10-01 18:18:05,ab3129,takeoff,KPHX,LYM3103,07L,SW4,1135
2025-10-01 18:19:07,abe09a,takeoff,KPHX,SWA2987,07L,B738,1135
2025-10-01 18:20:17,abe8b6,takeoff,KPHX,SWA3642,07L,B738,1135
2025-10-01 18:21:17,a57997,takeoff,KPHX,AAL3232,07L,A21N,1135
2025-10-01 18:21:59,a1f4cd,landing,KPHX,ENY3948,8,E75L,1135
2025-10-01 18:22:02,a517a1,takeoff,KPHX,SWA2746,07L,B737,1135
2025-10-01 18:22:54,abe7c5,takeoff,KPHX,SWA2037,07L,B738,1135
2025-10-01 18:23:53,a55055,takeoff,KPHX,SWA653,07L,B737,1135
2025-10-01 18:24:38,a2d3b3,takeoff,KPHX,SWA4104,07L,B737,1135
2025-10-01 18:24:41,c0618e,landing,KPHX,POE641,8,E295,1135
2025-10-01 18:25:31,a7c2ea,takeoff,KPHX,N6DT,07R,SF50,1135
2025-10-01 18:26:28,a2cecf,landing,KPHX,N280JM,07R,G280,1135
2025-10-01 18:26:42,abb4ea,takeoff,KPHX,SWA1394,07L,B738,1135
2025-10-01 18:28:20,a4463e,takeoff,KPHX,DAL2419,07L,B738,1135
2025-10-01 18:29:09,a12711,takeoff,KPHX,UAL2072,07L,B38M,1135
2025-10-01 18:30:05,abe40a,takeoff,KPHX,SWA3451,07L,B738,1135
2025-10-01 18:30:38,c05219,takeoff,KPHX,ROU1720,07L,A320,1135
2025-10-01 18:31:28,a106fd,takeoff,KPHX,VTE3302,07L,E135,1135
2025-10-01 18:32:13,a9768a,landing,KPHX,FFT1062,07R,A321,1135
2025-10-01 18:32:40,ab14d9,takeoff,KPHX,DAL2288,07L,B739,1135
2025-10-01 18:33:19,a2afeb,landing,KPHX,SWA1877,07R,B737,1135
2025-10-01 18:35:04,a6a7f7,landing,KPHX,N528PM,07R,PC12,1135
2025-10-01 18:35:21,abd254,takeoff,KPHX,SWA2112,07L,B738,1135
2025-10-01 18:35:42,a91616,landing,KPHX,DAL796,8,B752,1135
2025-10-01 18:36:35,a28c23,landing,KPHX,SWA453,07R,B737,1135
2025-10-01 18:37:24,aa0a6e,landing,KPHX,SKW4993,8,CRJ7,1135
2025-10-01 18:37:52,0d0abd,landing,KPHX,AMX614,07R,B38M,1135
2025-10-01 18:39:50,a26bb8,landing,KPHX,SKW3951,07R,E75L,1135
2025-10-01 18:41:43,ab274c,takeoff,KPHX,KOW818,07R,C750,1135
2025-10-01 18:44:48,a04183,takeoff,KPHX,VTE3344,07L,E135,1135
2025-10-01 18:45:44,aa596c,landing,KPHX,SKW4985,8,CRJ7,1135
2025-10-01 18:45:46,acb0b6,takeoff,KPHX,ASA1273,07L,B39M,1135
2025-10-01 18:46:41,abd536,takeoff,KPHX,SWA5323,07L,B738,1135
2025-10-01 18:47:22,a6893e,takeoff,KPHX,DAL791,07L,A21N,1135
2025-10-01 18:47:23,ac252a,landing,KPHX,SWA2148,07R,B38M,1135
2025-10-01 18:48:29,aa9ad9,takeoff,KPHX,SWA1557,07L,B737,1135
2025-10-01 18:49:33,abec4d,takeoff,KPHX,SWA1233,07L,B738,1135
2025-10-01 18:50:08,a021e9,takeoff,KPHX,N1076K,07R,BE9L,1135
2025-10-01 18:51:01,a5c895,landing,KPHX,AAL1218,8,A21N,1135
2025-10-01 18:51:54,a17708,landing,KPHX,OMD227,07R,B752,1135
2025-10-01 18:53:15,abf6a4,takeoff,KPHX,SKW6452,07L,CRJ7,1135
2025-10-01 18:53:18,a8b848,landing,KPHX,DAL8840,8,B752,1135
2025-10-01 18:54:49,ac3f9c,landing,KPHX,DAL1431,8,B739,1135
2025-10-01 18:55:42,a445ef,takeoff,KPHX,UAL2374,07L,B739,1135
2025-10-01 18:56:53,a5031a,takeoff,KPHX,AAL697,07L,A21N,1135
2025-10-01 18:57:47,a0fea6,takeoff,KPHX,AAL3057,07L,A321,1135
2025-10-01 18:58:37,a53d2c,landing,KPHX,AAL588,8,A21N,1135
2025-10-01 19:01:03,a2edb4,landing,KPHX,SWA439,8,B737,1135
2025-10-01 19:02:19,abc80c,takeoff,KPHX,SWA799,07L,B738,1135
2025-10-01 19:02:24,a3f91e,landing,KPHX,AAL1653,8,B38M,1135
2025-10-01 19:03:13,a07522,takeoff,KPHX,AAL1168,07L,A321,1135
2025-10-01 19:04:16,a55b50,landing,KPHX,AAL646,8,A21N,1135
2025-10-01 19:04:51,a22642,takeoff,KPHX,ASA603,07L,B739,1135
2025-10-01 19:04:56,a73b7e,landing,KPHX,SWA681,07R,B737,1135
2025-10-01 19:06:05,a2396e,takeoff,KPHX,SWA3494,07L,B737,1135
2025-10-01 19:06:09,ad8895,landing,KPHX,AAL2042,8,B738,1135
2025-10-01 19:07:26,abedd9,takeoff,KPHX,N868PE,07R,PC12,1135
2025-10-01 19:08:13,a66e3b,landing,KPHX,SKW6491,8,E75L,1135
2025-10-01 19:09:38,ac5e23,landing,KPHX,SWA656,07R,B38M,1135
2025-10-01 19:09:49,a1ca5f,takeoff,KPHX,SWA4050,07L,B737,1135
2025-10-01 19:10:22,ac0f6c,landing,KPHX,SWA897,8,B38M,1135
2025-10-01 19:11:12,a06b6b,takeoff,KPHX,N126QS,07R,GL5T,1135
2025-10-01 19:12:15,aa7abe,landing,KPHX,UAL1686,8,B739,1135
2025-10-01 19:12:58,aae5a9,takeoff,KPHX,AAL1309,07L,A319,1135
2025-10-01 19:14:14,a0c09a,landing,KPHX,CTF148,07R,PC12,1135
2025-10-01 19:16:01,a24a31,takeoff,KPHX,MXY517,07L,BCS3,1135
2025-10-01 19:17:14,c0187a,takeoff,KPHX,JZA817,07L,CRJ9,1135
2025-10-01 19:17:28,ac2c56,landing,KPHX,SWA1245,07R,B38M,1135
2025-10-01 19:19:09,aaa224,landing,KPHX,SWA309,8,B737,1135
2025-10-01 19:21:54,ab5315,landing,KPHX,N829JC,07R,G280,1135
2025-10-01 19:22:06,c03488,landing,KPHX,WJA1402,8,B38M,1135
2025-10-01 19:23:48,a32bf3,landing,KPHX,AAL2133,8,B38M,1135
2025-10-01 19:23:57,a8ae3e,takeoff,KPHX,AAL2180,07L,A320,1135
2025-10-01 19:24:35,a6d36d,takeoff,KPHX,FDY810,07L,C208,1135
2025-10-01 19:25:32,a04695,landing,KPHX,DAL2274,8,A321,1135
2025-10-01 19:26:30,a2cecf,takeoff,KPHX,N280JM,07R,G280,1135
2025-10-01 19:27:24,a44197,landing,KPHX,DAL2447,8,B738,1135
2025-10-01 19:28:16,a77f2d,takeoff,KPHX,AAL1823,07L,A321,1135
2025-10-01 19:29:12,aa797d,landing,KPHX,SKW6408,8,CRJ7,1135
2025-10-01 19:30:02,a9dc5e,takeoff,KPHX,UAL1477,07L,B739,1135
2025-10-01 19:30:55,ac250b,landing,KPHX,SWA2042,8,B38M,1135
2025-10-01 19:31:04,a2536f,takeoff,KPHX,SWA2602,07L,B737,1135
2025-10-01 19:32:30,a9cca5,landing,KPHX,SKW6330,07R,CRJ7,1135
2025-10-01 19:32:51,a49570,takeoff,KPHX,WSN5,07L,B350,1135
2025-10-01 19:33:11,a2c1b6,landing,KPHX,ENY4151,8,E75L,1135
2025-10-01 19:34:24,a63b90,landing,KPHX,N500SR,07R,GALX,1135
2025-10-01 19:34:38,aa466f,landing,KPHX,SKW6340,8,CRJ7,1135
2025-10-01 19:36:24,a1d873,landing,KPHX,ENY3962,07R,E75L,1135
2025-10-01 19:36:31,acffb7,takeoff,KPHX,AAL366,07L,B738,1135
2025-10-01 19:36:36,ad8766,landing,KPHX,ASA1007,8,B39M,1135
2025-10-01 19:37:48,aa2abc,takeoff,KPHX,AAL2101,07L,A319,1135
2025-10-01 19:38:08,aa9e6d,landing,KPHX,SWA3236,07R,B737,1135
2025-10-01 19:39:02,a0df80,landing,KPHX,VTE3385,8,E135,1135
2025-10-01 19:39:09,a24573,takeoff,KPHX,UAL1400,07L,A21N,1135
2025-10-01 19:40:03,a26bb8,takeoff,KPHX,SKW3951,07L,E75L,1135
2025-10-01 19:40:40,ab6b02,landing,KPHX,AAL1352,8,A319,1135
2025-10-01 19:40:49,aa0a6e,takeoff,KPHX,SKW6456,07L,CRJ7,1135
2025-10-01 19:41:47,a9b43f,takeoff,KPHX,AAL2357,07L,A319,1135
2025-10-01 19:43:38,a46e6a,takeoff,KPHX,FFT4768,07L,A20N,1135
2025-10-01 19:44:14,acb9ed,landing,KPHX,AAL1685,8,A321,1135
2025-10-01 19:45:03,aca3a3,takeoff,KPHX,AAL2721,07L,A321,1135
2025-10-01 19:45:21,abfdaf,landing,KPHX,SWA1411,07R,B38M,1135
2025-10-01 19:46:44,ad7da2,landing,KPHX,AAL3213,8,B738,1135
2025-10-01 19:48:08,aaa88b,landing,KPHX,N786TT,07R,C56X,1135
2025-10-01 19:49:28,aa568e,landing,KPHX,UAL1640,8,B738,1135
2025-10-01 19:50:00,a68485,takeoff,KPHX,SKW4899,07L,E75L,1135
2025-10-01 19:51:20,ac0818,landing,KPHX,SWA1307,8,B38M,1135
2025-10-01 19:51:20,c0618e,takeoff,KPHX,POE642,07L,E295,1135
2025-10-01 19:53:11,ad59db,landing,KPHX,EJM960,07R,GLEX,1135
2025-10-01 19:54:42,abeb9f,landing,KPHX,SWA1513,07R,B738,1135
2025-10-01 19:57:21,a5e0d3,landing,KPHX,SWA488,8,B737,1135
2025-10-01 19:57:46,a3861f,takeoff,KPHX,AAL2778,07L,B38M,1135
2025-10-01 19:59:48,ac252a,takeoff,KPHX,SWA975,07L,B38M,1135
2025-10-01 20:00:19,a242c3,landing,KPHX,MXY620,8,BCS3,1135
2025-10-01 20:01:14,a9768a,takeoff,KPHX,FFT3983,07L,A321,1135
2025-10-01 20:02:32,aa735a,takeoff,KPHX,SWA4036,07L,B737,1135
2025-10-01 20:03:47,a32396,takeoff,KPHX,FFT1440,07L,A20N,1135
2025-10-01 20:04:15,a8a0c1,landing,KPHX,QXE2065,8,E75L,1135
2025-10-01 20:04:45,a9903a,takeoff,KPHX,SKW6446,07L,CRJ7,1135
2025-10-01 20:06:16,a91616,takeoff,KPHX,DAL796,07L,B752,1135
2025-10-01 20:07:43,a59398,takeoff,KPHX,AAL3044,07L,A21N,1135
2025-10-01 20:08:18,ac5e23,takeoff,KPHX,SWA1569,07L,B38M,1135
2025-10-01 20:09:06,a1f4cd,takeoff,KPHX,ENY3448,07L,E75L,1135
2025-10-01 20:09:08,a5b3a7,landing,KPHX,AAL3172,8,A21N,1135
2025-10-01 20:09:57,abdd91,takeoff,KPHX,SWA2446,07L,B738,1135
2025-10-01 20:10:19,a65b74,landing,KPHX,CSI509,07R,BE20,1135
2025-10-01 20:11:29,a73b7e,takeoff,KPHX,SWA111,07L,B737,1135
2025-10-01 20:11:53,a8943d,landing,KPHX,AAL1620,8,A320,1135
2025-10-01 20:13:14,ac4f92,landing,KPHX,SWA2995,07L,B38M,1135
2025-10-01 20:15:04,a21839,landing,KPHX,ENY3837,8,E75L,1135
2025-10-01 20:16:02,ac56d9,landing,KPHX,SWA441,07L,B38M,1135
2025-10-01 20:17:26,a28c23,takeoff,KPHX,SWA690,07L,B737,1135
2025-10-01 20:18:58,a06405,landing,KPHX,CTF124,07R,PC12,1135
2025-10-01 20:20:21,aaa88b,takeoff,KPHX,N786TT,07L,C56X,1135
2025-10-01 20:20:48,ac5b43,landing,KPHX,SWA1324,07R,B38M,1135
2025-10-01 20:21:57,aaa224,takeoff,KPHX,SWA274,07L,B737,1135
2025-10-01 20:21:59,a2fee9,landing,KPHX,SWA2345,8,B737,1135
2025-10-01 20:22:46,a2afeb,takeoff,KPHX,SWA4102,07L,B737,1135
2025-10-01 20:24:01,ad2f79,landing,KPHX,WCC94,07R,B350,1135
2025-10-01 20:27:29,ac3f9c,takeoff,KPHX,DAL1431,07L,B739,1135
2025-10-01 20:28:53,a63b90,takeoff,KPHX,N500SR,07L,GALX,1135
2025-10-01 20:28:54,a3572c,landing,KPHX,AAL2619,8,B38M,1135
2025-10-01 20:31:01,a95be2,landing,KPHX,N7019K,07R,A333,1135
2025-10-01 20:34:08,a939e8,landing,KPHX,DAL813,8,B752,1135
2025-10-01 20:35:12,ac23ef,landing,KPHX,SWA2253,07L,B38M,1135
2025-10-01 20:36:01,a24ef0,landing,KPHX,ENY3799,8,E75L,1135
2025-10-01 20:37:10,a5c895,takeoff,KPHX,AAL1079,25R,A21N,1135
2025-10-01 20:37:55,a2edb4,takeoff,KPHX,SWA2634,25R,B737,1135
2025-10-01 20:38:51,0d0abd,takeoff,KPHX,AMX615,25R,B38M,1135
2025-10-01 20:39:19,a9bf27,takeoff,KPHX,SKW9917,25R,CRJ7,1135
2025-10-01 20:40:26,ac0f6c,takeoff,KPHX,SWA3268,25R,B38M,1135
2025-10-01 20:41:09,aa9e6d,takeoff,KPHX,SWA1151,25R,B737,1135
2025-10-01 20:41:41,a67960,landing,KPHX,SKW4959,25L,E75L,1135
2025-10-01 20:41:53,aa596c,takeoff,KPHX,SKW4896,25R,CRJ7,1135
2025-10-01 20:42:27,ac5066,landing,KPHX,SWA947,26,B38M,1135
2025-10-01 20:42:56,ad8895,takeoff,KPHX,AAL1541,25R,B738,1135
2025-10-01 20:44:49,ac2c56,takeoff,KPHX,SWA2556,25R,B38M,1135
2025-10-01 20:45:21,a05e02,landing,KPHX,UAL1807,25L,B738,1135
2025-10-01 20:46:23,ac138c,landing,KPHX,SWA1197,26,B38M,1135
2025-10-01 20:47:29,aa7abe,takeoff,KPHX,UAL1356,25R,B739,1135
2025-10-01 20:48:28,a04695,takeoff,KPHX,DAL2274,25R,A321,1135
2025-10-01 20:48:51,aad213,landing,KPHX,AAL195,26,B772,1135
2025-10-01 20:49:31,a88ccf,takeoff,KPHX,AAL2302,25R,A320,1135
2025-10-01 20:49:36,a8b47d,landing,KPHX,DCM3660,25L,E550,1135
2025-10-01 20:50:22,ac250b,takeoff,KPHX,SWA4028,25R,B38M,1135
2025-10-01 20:51:05,a1d873,takeoff,KPHX,ENY3757,25R,E75L,1135
2025-10-01 20:51:24,adacfd,landing,KPHX,AAL1044,26,A321,1135
2025-10-01 20:52:44,a55b50,takeoff,KPHX,AAL463,25R,A21N,1135
2025-10-01 20:53:13,abef2f,landing,KPHX,SWA901,26,B738,1135
2025-10-01 20:53:38,a44197,takeoff,KPHX,DAL2447,25R,B738,1135
2025-10-01 20:54:21,a9cca5,takeoff,KPHX,SKW6295,25R,CRJ7,1135
2025-10-01 20:54:57,ac0b96,landing,KPHX,SWA2269,26,B38M,1135
2025-10-01 20:55:41,a3f91e,takeoff,KPHX,AAL2016,25R,B38M,1135
2025-10-01 20:56:56,a4460d,takeoff,KPHX,UAL1017,25R,B739,1135
2025-10-01 20:58:01,c03488,takeoff,KPHX,WJA1403,25R,B38M,1135
2025-10-01 20:59:06,a2c1b6,takeoff,KPHX,ENY4154,25R,E75L,1135
2025-10-01 20:59:41,a71b43,landing,KPHX,AAL2109,26,A321,1135
2025-10-01 21:00:24,a5e0d3,takeoff,KPHX,SWA1140,25R,B737,1135
2025-10-01 21:01:42,ab4508,takeoff,KPHX,SKW5009,25R,CRJ9,1135
2025-10-01 21:02:47,abc07b,landing,KPHX,SWA1798,26,B738,1135
2025-10-01 21:03:10,a17708,takeoff,KPHX,OMD227,25R,B752,1135
2025-10-01 21:04:11,abfc97,landing,KPHX,SWA1930,26,B38M,1135
2025-10-01 21:04:21,a00125,takeoff,KPHX,N1MR,25L,E55P,1135
2025-10-01 21:05:42,a3b186,landing,KPHX,AAL2122,26,B38M,1135
2025-10-01 21:06:22,ad8766,takeoff,KPHX,ASA1006,25R,B39M,1135
2025-10-01 21:06:57,a1440c,landing,KPHX,SWA2288,25L,B38M,1135
2025-10-01 21:07:09,a106fd,landing,KPHX,VTE3303,26,E135,1135
2025-10-01 21:07:57,a631bb,takeoff,KPHX,CBC499,25L,PC12,1135
2025-10-01 21:08:58,a8e2d6,landing,KPHX,DAL1235,26,B752,1135
2025-10-01 21:09:20,a242c3,takeoff,KPHX,MXY621,25R,BCS3,1135
2025-10-01 21:09:33,a3ca1a,landing,KPHX,AAL2661,25L,B38M,1135
2025-10-01 21:10:29,a32bf3,takeoff,KPHX,AAL1951,25R,B38M,1135
2025-10-01 21:11:08,abfdaf,takeoff,KPHX,SWA2023,25R,B38M,1135
2025-10-01 21:14:22,a34591,landing,KPHX,N31MF,25L,SF50,1135
2025-10-01 21:15:55,a2d3b3,landing,KPHX,SWA994,25L,B737,1135
2025-10-01 21:16:17,ac4f92,takeoff,KPHX,SWA4037,25R,B38M,1135
2025-10-01 21:17:10,ab63b4,takeoff,KPHX,WSN6,25L,B350,1135
2025-10-01 21:18:49,a66316,landing,KPHX,SKW9919,26,E75L,1135
2025-10-01 21:20:04,a8ad4e,landing,KPHX,UAL2201,26,B739,1135
2025-10-01 21:20:30,a8a0c1,takeoff,KPHX,QXE2065,25R,E75L,1135
2025-10-01 21:21:15,a1e5f1,landing,KPHX,ENY3940,25L,E75L,1135
2025-10-01 21:21:36,ad7da2,takeoff,KPHX,AAL2352,25R,B738,1135
2025-10-01 21:21:44,ac4ffb,landing,KPHX,SWA4046,26,B38M,1135
2025-10-01 21:22:45,a7d085,landing,KPHX,SKW5222,25L,E75L,1135
2025-10-01 21:23:21,ad35e0,landing,KPHX,AAL1437,26,B738,1135
2025-10-01 21:23:23,a66e3b,takeoff,KPHX,SKW6291,25R,E75L,1135
2025-10-01 21:24:06,a2fee9,takeoff,KPHX,SWA350,25R,B737,1135
2025-10-01 21:24:28,a7d630,landing,KPHX,AAL2928,25L,A320,1135
2025-10-01 21:25:31,addf01,landing,KPHX,AAL1884,25L,B738,1135
2025-10-01 21:26:33,a4943f,landing,KPHX,UAL204,26,B739,1135
2025-10-01 21:26:50,a8b848,takeoff,KPHX,DAL8963,25R,B752,1135
2025-10-01 21:27:28,a06bd3,landing,KPHX,AAL1299,25L,A320,1135
2025-10-01 21:28:58,abeb9f,takeoff,KPHX,SWA760,25R,B738,1135
2025-10-01 21:29:57,ac390f,landing,KPHX,AAL1994,25L,B738,1135
2025-10-01 21:30:51,aa466f,takeoff,KPHX,SKW6498,25R,CRJ7,1135
2025-10-01 21:31:09,a32c3e,landing,KPHX,AAL1677,26,B38M,1135
2025-10-01 21:32:18,a7f40f,landing,KPHX,SKW6348,25L,CRJ7,1135
2025-10-01 21:32:42,ac712d,landing,KPHX,SWA4095,26,B737,1135
2025-10-01 21:33:17,a53d2c,takeoff,KPHX,AAL1948,25R,A21N,1135
2025-10-01 21:34:02,ad5837,landing,KPHX,AAL2454,25L,A21N,1135
2025-10-01 21:34:23,a4421d,landing,KPHX,DAL1155,26,B738,1135
2025-10-01 21:35:26,a506d1,landing,KPHX,AAL3017,25L,A21N,1135
2025-10-01 21:35:48,a5b3a7,takeoff,KPHX,AAL1634,25R,A21N,1135
2025-10-01 21:37:00,ac7b8a,landing,KPHX,AAL2899,25L,B738,1135
2025-10-01 21:37:03,ac56d9,takeoff,KPHX,SWA2224,25R,B38M,1135
2025-10-01 21:37:42,abaaa8,landing,KPHX,SWA210,26,B738,1135
2025-10-01 21:38:03,ac23ef,takeoff,KPHX,SWA2047,25R,B38M,1135
2025-10-01 21:38:17,ac3ea3,landing,KPHX,SWA2305,25L,B38M,1135
2025-10-01 21:38:45,a55218,takeoff,KPHX,AAL2463,25R,A21N,1135
2025-10-01 21:39:38,ac5b43,takeoff,KPHX,SWA2568,25R,B38M,1135
2025-10-01 21:39:59,aa19b2,landing,KPHX,N75WP,26,C560,1135
2025-10-01 21:42:11,a37738,landing,KPHX,ENY4093,26,E75L,1135
2025-10-01 21:43:31,a666cd,landing,KPHX,SKW6490,26,E75L,1135
2025-10-01 21:44:58,a557c3,landing,KPHX,SWA379,26,B737,1135
2025-10-01 21:45:40,ad9003,landing,KPHX,AAL2423,25L,B738,1135
2025-10-01 21:46:57,ab6eb9,landing,KPHX,AAL2015,26,A319,1135
2025-10-01 21:48:21,a68485,landing,KPHX,SKW6507,25L,E75L,1135
2025-10-01 21:50:13,ac5066,takeoff,KPHX,SWA1365,25R,B38M,1135
2025-10-01 21:51:24,a2b134,landing,KPHX,UAL1210,26,B38M,1135
2025-10-01 21:53:00,aa568e,takeoff,KPHX,UAL1686,25R,B738,1135
2025-10-01 21:53:30,aa59a5,landing,KPHX,AAL2822,26,A319,1135
2025-10-01 21:55:06,a9b4de,landing,KPHX,UAL1798,25L,B739,1135
2025-10-01 21:55:57,ad2f79,takeoff,KPHX,WCC94,25L,B350,1135
2025-10-01 21:56:03,aa1a81,landing,KPHX,SKW6470,26,CRJ7,1135
2025-10-01 21:57:33,a87f51,landing,KPHX,AAL2375,25L,A320,1135
2025-10-01 21:58:19,a67960,takeoff,KPHX,SKW4890,25R,E75L,1135
2025-10-01 21:58:23,a35dc2,landing,KPHX,ENY4289,26,E75L,1135
2025-10-01 21:59:52,a24f26,landing,KPHX,EJA248,25L,CL60,1135
2025-10-01 22:00:02,acf0d8,landing,KPHX,ASA1208,26,B39M,1135
2025-10-01 22:00:09,ac0b96,takeoff,KPHX,SWA4105,25R,B38M,1135
2025-10-01 22:01:45,aab146,landing,KPHX,SWA1299,26,B737,1135
2025-10-01 22:03:28,ac3ff3,landing,KPHX,HNW900,26,F900,1135
2025-10-01 22:04:08,a0cbaf,landing,KPHX,N150RJ,25L,FA50,1135
2025-10-01 22:05:20,a2355d,landing,KPHX,SKW3894,25L,E75L,1135
2025-10-01 22:06:33,abaf1c,takeoff,KPHX,N852DL,25L,CL35,1135
2025-10-01 22:07:44,a3c9c5,landing,KPHX,AAL1184,26,B738,1135
2025-10-01 22:08:07,acb9ed,takeoff,KPHX,AAL2860,25R,A321,1135
2025-10-01 22:08:28,a2db21,landing,KPHX,SWA1156,25L,B737,1135
2025-10-01 22:09:43,a05e02,takeoff,KPHX,UAL1910,25R,B738,1135
2025-10-01 22:09:46,a32844,landing,KPHX,ENY3892,26,E75L,1135
2025-10-01 22:10:47,a939e8,takeoff,KPHX,DAL366,25R,B752,1135
2025-10-01 22:12:33,a32886,landing,KPHX,AAL1924,25L,B38M,1135
2025-10-01 22:12:53,a4b7d3,landing,KPHX,AAL1057,26,A21N,1135
2025-10-01 22:13:54,ad5398,landing,KPHX,AAL554,25L,B738,1135
2025-10-01 22:14:40,abc07b,takeoff,KPHX,SWA264,25R,B738,1135
2025-10-01 22:14:42,a3e658,landing,KPHX,AAL2829,26,B38M,1135
2025-10-01 22:15:48,a24ef0,takeoff,KPHX,ENY3696,25R,E75L,1135
2025-10-01 22:17:26,ab35cb,landing,KPHX,AAL408,26,B738,1135
2025-10-01 22:17:42,abef2f,takeoff,KPHX,SWA4030,25R,B738,1135
2025-10-01 22:18:47,a65b74,takeoff,KPHX,CSI509,25L,BE20,1135
2025-10-01 22:19:50,a68a95,landing,KPHX,SKW4991,26,E75L,1135
2025-10-01 22:21:32,a95be2,takeoff,KPHX,N7019K,25R,A333,1135
2025-10-01 22:22:53,a27706,landing,KPHX,UPS5852,26,MD11,1135
2025-10-01 22:24:56,ac4c8a,landing,KPHX,SWA3266,26,B38M,1135
2025-10-01 22:26:03,a3572c,takeoff,KPHX,AAL1967,25R,B38M,1135
2025-10-01 22:26:36,aa0a6e,landing,KPHX,SKW6247,26,CRJ7,1135
2025-10-01 22:27:03,a651e1,landing,KPHX,SKW6477,25L,E75L,1135
2025-10-01 22:27:51,a8ae3e,landing,KPHX,AAL2180,26,A320,1135
2025-10-01 22:28:05,a2d3b3,takeoff,KPHX,SWA3877,25R,B737,1135
2025-10-01 22:28:28,a968b8,landing,KPHX,N705SG,25L,C56X,1135
2025-10-01 22:29:54,a66316,takeoff,KPHX,SKW6417,25R,E75L,1135
2025-10-01 22:30:55,ac138c,takeoff,KPHX,SWA3202,25R,B38M,1135
2025-10-01 22:31:30,a1d1d0,landing,KPHX,SWA1922,26,B737,1135
2025-10-01 22:32:17,ac4ffb,takeoff,KPHX,SWA1833,25R,B38M,1135
2025-10-01 22:33:04,a9cca5,landing,KPHX,SKW6295,25L,CRJ7,1135
2025-10-01 22:33:32,aa73e9,landing,KPHX,SWA2111,26,B737,1135
2025-10-01 22:34:45,aa596c,landing,KPHX,SKW4896,25L,CRJ7,1135
2025-10-01 22:34:55,a08a1a,landing,KPHX,AAL765,26,A321,1135
2025-10-01 22:36:47,a9903a,landing,KPHX,SKW6464,25L,CRJ7,1135
2025-10-01 22:37:40,a47cd1,landing,KPHX,ATN3338,26,B763,1135
2025-10-01 22:38:03,a13acf,takeoff,KPHX,AMF2852,25L,E120,1135
2025-10-01 22:38:27,a1440c,takeoff,KPHX,SWA3799,25R,B38M,1135
2025-10-01 22:39:12,a2d92a,landing,KPHX,ASA982,26,B739,1135
2025-10-01 22:40:57,aaf83c,landing,KPHX,AAL899,26,A319,1135
2025-10-01 22:41:33,ac0818,takeoff,KPHX,SWA2771,25R,B38M,1135
2025-10-01 22:42:25,ac712d,takeoff,KPHX,SWA4095,25R,B737,1135
2025-10-01 22:42:29,a4d42d,landing,KPHX,AAL1957,26,A21N,1135
2025-10-01 22:42:59,abe7e3,landing,KPHX,SWA2223,25L,B738,1135
2025-10-01 22:43:14,a7d085,takeoff,KPHX,SKW5604,25R,E75L,1135
2025-10-01 22:43:59,a39e0c,landing,KPHX,ENY3809,26,E75L,1135
2025-10-01 22:44:17,a3ca1a,takeoff,KPHX,AAL832,25R,B38M,1135
2025-10-01 22:44:25,a174f3,takeoff,KPHX,AMF2924,25L,BE99,1135
2025-10-01 22:45:18,acd64b,landing,KPHX,AAL1614,26,A321,1135
2025-10-01 22:46:28,a71b43,takeoff,KPHX,AAL435,25R,A321,1135
2025-10-01 22:46:40,abbd0a,landing,KPHX,SWA2603,26,B738,1135
2025-10-01 22:48:06,abfc97,takeoff,KPHX,SWA714,25R,B38M,1135
2025-10-01 22:48:42,a0aa2b,landing,KPHX,AAL1101,26,A321,1135
2025-10-01 22:48:55,a1923f,takeoff,KPHX,N200CK,25L,,1135
2025-10-01 22:49:21,a8e2d6,takeoff,KPHX,DAL785,25R,B752,1135
2025-10-01 22:50:44,ac3ea3,takeoff,KPHX,SWA440,25R,B38M,1135
2025-10-01 22:51:48,ac7b8a,takeoff,KPHX,AAL1370,25R,B738,1135
2025-10-01 22:52:42,a8943d,takeoff,KPHX,AAL450,25R,A320,1135
2025-10-01 22:53:58,adacfd,takeoff,KPHX,AAL1663,25R,A321,1135
2025-10-01 22:55:04,addf01,takeoff,KPHX,AAL2892,25R,B738,1135
2025-10-01 22:55:50,a106fd,takeoff,KPHX,VTE3304,25R,E135,1135
2025-10-01 22:56:44,aae5a9,landing,KPHX,AAL1309,26,A319,1135
2025-10-01 22:56:57,a7d630,takeoff,KPHX,AAL2844,25R,A320,1135
2025-10-01 22:57:16,a36980,landing,KPHX,AAY1706,25L,A319,1135
2025-10-01 22:57:55,a557c3,takeoff,KPHX,SWA154,25R,B737,1135
2025-10-01 22:58:14,a65454,landing,KPHX,DAL1738,26,A21N,1135
2025-10-01 22:58:53,ad9003,takeoff,KPHX,AAL2332,25R,B738,1135
2025-10-01 22:59:38,a63975,landing,KPHX,N50VC,25L,GL5T,1135
2025-10-01 23:01:13,ac337e,landing,KPHX,SWA1949,26,B38M,1135
2025-10-01 23:02:43,a3b186,takeoff,KPHX,AAL2871,25R,B38M,1135
2025-10-01 23:04:16,a74da7,landing,KPHX,N57SG,26,PC12,1135
2025-10-01 23:05:20,a32ffe,landing,KPHX,UPS2856,25L,B763,1135
2025-10-01 23:07:28,a1433a,landing,KPHX,SWA2899,25L,B38M,1135
2025-10-01 23:07:43,a68485,takeoff,KPHX,SKW6461,25R,E75L,1135
2025-10-01 23:08:32,a2db21,takeoff,KPHX,SWA1156,25R,B737,1135
2025-10-01 23:09:16,aa1a81,takeoff,KPHX,SKW4931,25R,CRJ7,1135
2025-10-01 23:09:35,a03cd4,landing,KPHX,FFL1414,25L,,1135
2025-10-01 23:10:18,abaaa8,takeoff,KPHX,SWA2143,25R,B738,1135
2025-10-01 23:11:44,a535be,takeoff,KPHX,AAL653,25R,A21N,1135
2025-10-01 23:12:51,a506d1,takeoff,KPHX,AAL567,25R,A21N,1135
2025-10-01 23:14:09,a32844,takeoff,KPHX,ENY4086,25R,E75L,1135
2025-10-01 23:15:35,ab5bb1,landing,KPHX,SWA4065,26,B738,1135
2025-10-01 23:18:19,aa797d,takeoff,KPHX,SKW9921,25R,CRJ7,1135
2025-10-01 23:19:37,a2b134,takeoff,KPHX,UAL1798,25R,B38M,1135
2025-10-01 23:20:44,a9b4de,takeoff,KPHX,UAL1885,25R,B739,1135
2025-10-01 23:22:14,ac7aa9,landing,KPHX,DAL2287,26,B739,1135
2025-10-01 23:23:21,accf07,landing,KPHX,SWA739,25L,B737,1135
2025-10-01 23:23:30,a4421d,takeoff,KPHX,DAL1155,25R,B738,1135
2025-10-01 23:24:29,aa73e9,takeoff,KPHX,SWA2111,25R,B737,1135
2025-10-01 23:25:28,a0cdf3,landing,KPHX,AAL3046,26,A321,1135
2025-10-01 23:26:15,ad35e0,takeoff,KPHX,AAL1156,25R,B738,1135
2025-10-01 23:27:26,aaa929,landing,KPHX,SWA4119,25L,B737,1135
2025-10-01 23:28:00,a2355d,takeoff,KPHX,SKW3894,25R,E75L,1135
2025-10-01 23:31:09,acf0d8,takeoff,KPHX,ASA1275,25R,B39M,1135
2025-10-01 23:31:44,a13c73,landing,KPHX,AAL1238,26,A321,1135
2025-10-01 23:33:04,a21839,takeoff,KPHX,ENY4167,25R,E75L,1135
2025-10-01 23:34:47,a72500,takeoff,KPHX,N56EL,25L,GA5C,1135
2025-10-01 23:35:11,a9249c,landing,KPHX,UAL2249,26,B739,1135
2025-10-01 23:35:47,aa0a6e,takeoff,KPHX,SKW4917,25R,CRJ7,1135
2025-10-01 23:36:46,a651e1,takeoff,KPHX,SKW6475,25R,E75L,1135
2025-10-01 23:38:04,ac56ba,landing,KPHX,SWA1410,26,B38M,1135
2025-10-01 23:38:17,a06bd3,takeoff,KPHX,AAL2074,25R,A320,1135
2025-10-01 23:38:52,a6b779,landing,KPHX,N5317H,25L,C172,1135
2025-10-01 23:40:06,a620f5,landing,KPHX,SWA1063,26,B737,1135
2025-10-01 23:41:40,a32396,landing,KPHX,FFT4949,26,A20N,1135
2025-10-01 23:42:15,ac379a,landing,KPHX,SWA3226,25L,B38M,1135
2025-10-01 23:43:24,a4943f,takeoff,KPHX,UAL1226,25R,B739,1135
2025-10-01 23:43:30,a6049b,landing,KPHX,SWA225,26,B737,1135
2025-10-01 23:43:55,ac36cc,landing,KPHX,SWA2962,25L,B38M,1135
2025-10-01 23:44:39,ad5398,takeoff,KPHX,AAL1799,25R,B738,1135
2025-10-01 23:44:40,a6d9e0,landing,KPHX,N540W,26,GA7C,1135
2025-10-01 23:45:34,ac8583,landing,KPHX,AAL2108,25L,B738,1135
2025-10-01 23:46:18,a1d93b,landing,KPHX,SWA1554,26,B737,1135
2025-10-01 23:47:05,ab63b4,landing,KPHX,WSN6,25L,B350,1135
2025-10-01 23:47:25,a87f51,takeoff,KPHX,AAL3113,25R,A320,1135
2025-10-01 23:48:17,a74da7,takeoff,KPHX,N57SG,26,PC12,1135
2025-10-01 23:48:21,ac2154,landing,KPHX,SWA2146,25L,B38M,1135
2025-10-01 23:49:26,a8ad4e,takeoff,KPHX,UAL1458,25R,B739,1135
2025-10-01 23:49:58,a3d568,landing,KPHX,UPS2906,25L,B763,1135
2025-10-01 23:50:13,ab6eb9,takeoff,KPHX,AAL1835,25R,A319,1135
2025-10-01 23:50:54,ac7e09,landing,KPHX,AAL1155,26,A321,1135
2025-10-01 23:51:10,a32c3e,takeoff,KPHX,AAL1537,25R,B38M,1135
2025-10-01 23:52:02,a8ae3e,takeoff,KPHX,AAL561,25R,A320,1135
2025-10-01 23:54:35,a2d92a,takeoff,KPHX,ASA975,25R,B739,1135
2025-10-01 23:54:46,a086d8,landing,KPHX,FDX904,26,B763,1135
2025-10-01 23:55:19,ac0c24,landing,KPHX,SWA2974,25L,B38M,1135
2025-10-01 23:55:23,a9903a,takeoff,KPHX,SKW6278,25R,CRJ7,1135
2025-10-01 23:56:34,a6b779,takeoff,KPHX,N5317H,25L,C172,1135
2025-10-01 23:56:45,a66a84,landing,KPHX,SKW6437,26,E75L,1135
