icao,runway,operation,timestamp,distance_to_tower_nm,altitude_agl_ft,ground_speed_knots,vertical_rate_fpm,heading_deg,wind_along_runway,wind_cross_runway,time_of_day,runway_alignment_error,aircraft_category,weather_tmpf,weather_relh,weather_drct,weather_sknt,runway_label,dt,active_runways,ac_cat_heavy_jet,ac_cat_light_prop,ac_cat_medium_jet,ac_cat_regional_jet,ac_cat_turboprop,ac_cat_unknown,op_landing,op_takeoff,heading_deg_missing,wind_along_runway_missing,wind_cross_runway_missing,runway_alignment_error_missing,vertical_rate_fpm_missing,weather_tmpf_missing,weather_relh_missing,weather_drct_missing,weather_sknt_missing,date
ad61de,8,landing,1764633600.99,0.46077766562976036,0.0,0.0,0.0,25.3,2.364032260820166,-1.846984425976975,0.0,52.7,medium_jet,69.0,32.1,40.0,3.0,5,2025-12-02 00:00:00.990000010,"[0, 1, 1, 0, 1, 1]",0,0,1,0,0,0,1,0,0,0,0,0,0,0,0,0,0,2025-12-02
a114f4,07R,landing,1764633601.11,0.2658887636037016,0.0,0.0,0.0,171.6,2.364032260820166,-1.846984425976975,0.0002777777777777778,79.69999999999999,medium_jet,69.0,32.1,40.0,3.0,1,2025-12-02 00:00:01.109999895,"[0, 1, 1, 0, 1, 1]",0,0,1,0,0,0,1,0,1,0,0,1,0,0,0,0,0,2025-12-02
aa1f97,26,landing,1764633601.13,0.35272034324542695,0.0,0.0,0.0,126.6,-2.3640322608201663,1.8469844259769745,0.0002777777777777778,131.4,unknown,69.0,32.1,40.0,3.0,4,2025-12-02 00:00:01.130000114,"[0, 1, 1, 0, 1, 1]",0,0,0,0,0,1,1,0,0,0,0,0,0,0,0,0,0,2025-12-02
a0480b,07R,landing,1764633601.32,0.3927877647447395,0.0,0.0,0.0,239.1,2.364032260820166,-1.846984425976975,0.0002777777777777778,161.1,medium_jet,69.0,32.1,40.0,3.0,1,2025-12-02 00:00:01.319999933,"[0, 1, 1, 0, 1, 1]",0,0,1,0,0,0,1,0,0,0,0,0,0,0,0,0,0,2025-12-02
aa88d2,8,landing,1764633601.6,3.4859232519725483,1418.1385781454976,225.4,5.2325361959976515,86.7,2.364032260820166,-1.846984425976975,0.0002777777777777778,8.700000000000003,unknown,69.0,32.1,40.0,3.0,5,2025-12-02 00:00:01.599999905,"[0, 1, 1, 0, 1, 1]",0,0,0,0,0,1,1,0,0,0,0,0,0,0,0,0,0,2025-12-02
a33716,8,landing,1764633601.7,0.298760570788647,0.0,0.0,0.0,0.0,2.364032260820166,-1.846984425976975,0.0002777777777777778,78.0,unknown,69.0,32.1,40.0,3.0,5,2025-12-02 00:00:01.700000048,"[0, 1, 1, 0, 1, 1]",0,0,0,0,0,1,1,0,0,0,0,0,0,0,0,0,0,2025-12-02
a9dce9,8,landing,1764633602.04,0.23732057833005188,0.0,0.0,0.0,154.7,2.364032260820166,-1.846984425976975,0.0005555555555555556,76.69999999999999,medium_jet,69.0,32.1,40.0,3.0,5,2025-12-02 00:00:02.039999962,"[0, 1, 1, 0, 1, 1]",0,0,1,0,0,0,1,0,0,0,0,0,0,0,0,0,0,2025-12-02
a466fc,25L,landing,1764633602.75,0.9577539878373268,0.0,0.0,0.0,171.6,-2.3640322608201663,1.8469844259769745,0.0005555555555555556,79.69999999999999,medium_jet,69.0,32.1,40.0,3.0,2,2025-12-02 00:00:02.750000000,"[0, 1, 1, 0, 1, 1]",0,0,1,0,0,0,1,0,1,0,0,1,0,0,0,0,0,2025-12-02
aaa5ff,8,landing,1764633603.07,0.36062226709389317,0.0,0.0,0.0,289.7,2.364032260820166,-1.846984425976975,0.0008333333333333334,211.7,medium_jet,69.0,32.1,40.0,3.0,5,2025-12-02 00:00:03.069999933,"[0, 1, 1, 0, 1, 1]",0,0,1,0,0,0,1,0,0,0,0,0,0,0,0,0,0,2025-12-02
aa02ab,25L,landing,1764633603.07,0.2379284872521182,0.0,0.0,0.0,171.6,-2.3640322608201663,1.8469844259769745,0.0008333333333333334,79.69999999999999,unknown,69.0,32.1,40.0,3.0,2,2025-12-02 00:00:03.069999933,"[0, 1, 1, 0, 1, 1]",0,0,0,0,0,1,1,0,1,0,0,1,0,0,0,0,0,2025-12-02
abe3c8,8,landing,1764633603.69,0.36369450638379547,0.0,0.0,0.0,5.6,2.364032260820166,-1.846984425976975,0.0008333333333333334,72.4,medium_jet,69.0,32.1,40.0,3.0,5,2025-12-02 00:00:03.690000057,"[0, 1, 1, 0, 1, 1]",0,0,1,0,0,0,1,0,0,0,0,0,0,0,0,0,0,2025-12-02
a58fdf,8,landing,1764633603.82,0.3587632520539851,0.0,0.0,0.0,270.0,2.364032260820166,-1.846984425976975,0.0008333333333333334,192.0,medium_jet,69.0,32.1,40.0,3.0,5,2025-12-02 00:00:03.819999933,"[0, 1, 1, 0, 1, 1]",0,0,1,0,0,0,1,0,0,0,0,0,0,0,0,0,0,2025-12-02
aaa5ff,8,landing,1764633603.85,0.3656968456832594,0.0,0.0,0.0,289.7,2.364032260820166,-1.846984425976975,0.0008333333333333334,211.7,medium_jet,69.0,32.1,40.0,3.0,5,2025-12-02 00:00:03.849999905,"[0, 1, 1, 0, 1, 1]",0,0,1,0,0,0,1,0,0,0,0,0,0,0,0,0,0,2025-12-02
acd1f6,8,landing,1764633604.73,0.3782604363655556,0.0,0.0,0.0,267.2,2.364032260820166,-1.846984425976975,0.0011111111111111111,189.2,medium_jet,69.0,32.1,40.0,3.0,5,2025-12-02 00:00:04.730000019,"[0, 1, 1, 0, 1, 1]",0,0,1,0,0,0,1,0,0,0,0,0,0,0,0,0,0,2025-12-02
a10d82,8,landing,1764633605.58,0.2489858248686895,0.0,0.0,0.0,171.6,2.364032260820166,-1.846984425976975,0.001388888888888889,79.69999999999999,medium_jet,69.0,32.1,40.0,3.0,5,2025-12-02 00:00:05.579999924,"[0, 1, 1, 0, 1, 1]",0,0,1,0,0,0,1,0,1,0,0,1,0,0,0,0,0,2025-12-02
a40cd9,07R,landing,1764633605.85,0.18460312339837515,0.0,0.0,0.0,171.6,2.364032260820166,-1.846984425976975,0.001388888888888889,79.69999999999999,medium_jet,69.0,32.1,40.0,3.0,1,2025-12-02 00:00:05.849999905,"[0, 1, 1, 0, 1, 1]",0,0,1,0,0,0,1,0,1,0,0,1,0,0,0,0,0,2025-12-02
ad61de,8,landing,1764633606.24,0.4605343721040132,0.0,0.1,0.0,25.3,2.364032260820166,-1.846984425976975,0.0016666666666666668,52.7,medium_jet,69.0,32.1,40.0,3.0,5,2025-12-02 00:00:06.240000010,"[0, 1, 1, 0, 1, 1]",0,0,1,0,0,0,1,0,0,0,0,0,0,0,0,0,0,2025-12-02
a1d44e,8,landing,1764633606.27,0.2781584027764722,0.0,0.0,0.0,90.0,2.364032260820166,-1.846984425976975,0.0016666666666666668,12.0,medium_jet,69.0,32.1,40.0,3.0,5,2025-12-02 00:00:06.269999981,"[0, 1, 1, 0, 1, 1]",0,0,1,0,0,0,1,0,0,0,0,0,0,0,0,0,0,2025-12-02
a52e50,8,landing,1764633606.83,0.21605835510938748,0.0,0.0,0.0,90.0,2.364032260820166,-1.846984425976975,0.0016666666666666668,12.0,medium_jet,69.0,32.1,40.0,3.0,5,2025-12-02 00:00:06.829999924,"[0, 1, 1, 0, 1, 1]",0,0,1,0,0,0,1,0,0,0,0,0,0,0,0,0,0,2025-12-02
ad61de,8,landing,1764633607.23,0.46063010891688816,0.0,0.0,0.0,25.3,2.364032260820166,-1.846984425976975,0.0019444444444444444,52.7,medium_jet,69.0,32.1,40.0,3.0,5,2025-12-02 00:00:07.230000019,"[0, 1, 1, 0, 1, 1]",0,0,1,0,0,0,1,0,0,0,0,0,0,0,0,0,0,2025-12-02
ad61de,8,landing,1764633608.99,0.46077766562976036,0.0,0.0,0.0,25.3,2.364032260820166,-1.846984425976975,0.0022222222222222222,52.7,medium_jet,69.0,32.1,40.0,3.0,5,2025-12-02 00:00:08.990000010,"[0, 1, 1, 0, 1, 1]",0,0,1,0,0,0,1,0,0,0,0,0,0,0,0,0,0,2025-12-02
a114f4,07R,landing,1764633609.11,0.26586907708118873,0.0,0.0,0.0,171.6,2.364032260820166,-1.846984425976975,0.0025,79.69999999999999,medium_jet,69.0,32.1,40.0,3.0,1,2025-12-02 00:00:09.109999895,"[0, 1, 1, 0, 1, 1]",0,0,1,0,0,0,1,0,1,0,0,1,0,0,0,0,0,2025-12-02
aa1f97,26,landing,1764633609.13,0.35256661623803026,0.0,0.0,0.0,126.6,-2.3640322608201663,1.8469844259769745,0.0025,131.4,unknown,69.0,32.1,40.0,3.0,4,2025-12-02 00:00:09.130000114,"[0, 1, 1, 0, 1, 1]",0,0,0,0,0,1,1,0,0,0,0,0,0,0,0,0,0,2025-12-02
a0480b,07R,landing,1764633609.32,0.39278657540694156,0.0,0.0,0.0,239.1,2.364032260820166,-1.846984425976975,0.0025,161.1,medium_jet,69.0,32.1,40.0,3.0,1,2025-12-02 00:00:09.319999933,"[0, 1, 1, 0, 1, 1]",0,0,1,0,0,0,1,0,0,0,0,0,0,0,0,0,0,2025-12-02
aa88d2,8,landing,1764633609.6,3.4814264228456078,1418.8362496382972,225.4,5.232536195997649,86.7,2.364032260820166,-1.846984425976975,0.0025,8.700000000000003,unknown,69.0,32.1,40.0,3.0,5,2025-12-02 00:00:09.599999905,"[0, 1, 1, 0, 1, 1]",0,0,0,0,0,1,1,0,0,0,0,0,0,0,0,0,0,2025-12-02
a33716,8,landing,1764633609.7,0.29861928766354184,0.0,0.0,0.0,0.0,2.364032260820166,-1.846984425976975,0.0025,78.0,unknown,69.0,32.1,40.0,3.0,5,2025-12-02 00:00:09.700000048,"[0, 1, 1, 0, 1, 1]",0,0,0,0,0,1,1,0,0,0,0,0,0,0,0,0,0,2025-12-02
a9dce9,8,landing,1764633610.04,0.23732477599003526,0.0,0.0,0.0,154.7,2.364032260820166,-1.846984425976975,0.002777777777777778,76.69999999999999,medium_jet,69.0,32.1,40.0,3.0,5,2025-12-02 00:00:10.039999962,"[0, 1, 1, 0, 1, 1]",0,0,1,0,0,0,1,0,0,0,0,0,0,0,0,0,0,2025-12-02
a466fc,25L,landing,1764633610.75,0.9576931546897088,0.0,0.0,0.0,171.6,-2.3640322608201663,1.8469844259769745,0.002777777777777778,79.69999999999999,medium_jet,69.0,32.1,40.0,3.0,2,2025-12-02 00:00:10.750000000,"[0, 1, 1, 0, 1, 1]",0,0,1,0,0,0,1,0,1,0,0,1,0,0,0,0,0,2025-12-02
aaa5ff,8,landing,1764633611.07,0.3606156846218745,0.0,0.0,0.0,289.7,2.364032260820166,-1.846984425976975,0.0030555555555555557,211.7,medium_jet,69.0,32.1,40.0,3.0,5,2025-12-02 00:00:11.069999933,"[0, 1, 1, 0, 1, 1]",0,0,1,0,0,0,1,0,0,0,0,0,0,0,0,0,0,2025-12-02
aa02ab,25L,landing,1764633611.07,0.23787236932877737,0.0,0.0,0.0,171.6,-2.3640322608201663,1.8469844259769745,0.0030555555555555557,79.69999999999999,unknown,69.0,32.1,40.0,3.0,2,2025-12-02 00:00:11.069999933,"[0, 1, 1, 0, 1, 1]",0,0,0,0,0,1,1,0,1,0,0,1,0,0,0,0,0,2025-12-02
a58fdf,8,landing,1764633611.82,0.35876197917571095,0.0,0.0,0.0,270.0,2.364032260820166,-1.846984425976975,0.0030555555555555557,192.0,medium_jet,69.0,32.1,40.0,3.0,5,2025-12-02 00:00:11.819999933,"[0, 1, 1, 0, 1, 1]",0,0,1,0,0,0,1,0,0,0,0,0,0,0,0,0,0,2025-12-02
aaa5ff,8,landing,1764633611.85,0.364068772807845,0.0,0.0,0.0,289.7,2.364032260820166,-1.846984425976975,0.0030555555555555557,211.7,medium_jet,69.0,32.1,40.0,3.0,5,2025-12-02 00:00:11.849999905,"[0, 1, 1, 0, 1, 1]",0,0,1,0,0,0,1,0,0,0,0,0,0,0,0,0,0,2025-12-02
acd1f6,8,landing,1764633612.73,0.37797379685558,0.0,0.0,0.0,267.2,2.364032260820166,-1.846984425976975,0.0033333333333333335,189.2,medium_jet,69.0,32.1,40.0,3.0,5,2025-12-02 00:00:12.730000019,"[0, 1, 1, 0, 1, 1]",0,0,1,0,0,0,1,0,0,0,0,0,0,0,0,0,0,2025-12-02
a10d82,8,landing,1764633613.58,0.2489858248686895,0.0,0.0,0.0,171.6,2.364032260820166,-1.846984425976975,0.003611111111111111,79.69999999999999,medium_jet,69.0,32.1,40.0,3.0,5,2025-12-02 00:00:13.579999924,"[0, 1, 1, 0, 1, 1]",0,0,1,0,0,0,1,0,1,0,0,1,0,0,0,0,0,2025-12-02
a40cd9,07R,landing,1764633613.85,0.18485805066917096,0.0,0.0,0.0,171.6,2.364032260820166,-1.846984425976975,0.003611111111111111,79.69999999999999,medium_jet,69.0,32.1,40.0,3.0,1,2025-12-02 00:00:13.849999905,"[0, 1, 1, 0, 1, 1]",0,0,1,0,0,0,1,0,1,0,0,1,0,0,0,0,0,2025-12-02
ad61de,8,landing,1764633614.24,0.4605343721040132,0.0,0.1,0.0,25.3,2.364032260820166,-1.846984425976975,0.0038888888888888888,52.7,medium_jet,69.0,32.1,40.0,3.0,5,2025-12-02 00:00:14.240000010,"[0, 1, 1, 0, 1, 1]",0,0,1,0,0,0,1,0,0,0,0,0,0,0,0,0,0,2025-12-02
a1d44e,8,landing,1764633614.27,0.2781584027764722,0.0,0.0,0.0,90.0,2.364032260820166,-1.846984425976975,0.0038888888888888888,12.0,medium_jet,69.0,32.1,40.0,3.0,5,2025-12-02 00:00:14.269999981,"[0, 1, 1, 0, 1, 1]",0,0,1,0,0,0,1,0,0,0,0,0,0,0,0,0,0,2025-12-02
a52e50,8,landing,1764633614.83,0.2159889382458523,0.0,0.0,0.0,90.0,2.364032260820166,-1.846984425976975,0.0038888888888888888,12.0,medium_jet,69.0,32.1,40.0,3.0,5,2025-12-02 00:00:14.829999924,"[0, 1, 1, 0, 1, 1]",0,0,1,0,0,0,1,0,0,0,0,0,0,0,0,0,0,2025-12-02
ad61de,8,landing,1764633616.99,0.46077766562976036,0.0,0.0,0.0,25.3,2.364032260820166,-1.846984425976975,0.0044444444444444444,52.7,medium_jet,69.0,32.1,40.0,3.0,5,2025-12-02 00:00:16.990000010,"[0, 1, 1, 0, 1, 1]",0,0,1,0,0,0,1,0,0,0,0,0,0,0,0,0,0,2025-12-02
a114f4,07R,landing,1764633617.11,0.2658493907989667,0.0,0.0,0.0,171.6,2.364032260820166,-1.846984425976975,0.004722222222222222,79.69999999999999,medium_jet,69.0,32.1,40.0,3.0,1,2025-12-02 00:00:17.109999895,"[0, 1, 1, 0, 1, 1]",0,0,1,0,0,0,1,0,1,0,0,1,0,0,0,0,0,2025-12-02
aa1f97,26,landing,1764633617.13,0.3524129013737853,0.0,0.0,0.0,126.6,-2.3640322608201663,1.8469844259769745,0.004722222222222222,131.4,unknown,69.0,32.1,40.0,3.0,4,2025-12-02 00:00:17.130000114,"[0, 1, 1, 0, 1, 1]",0,0,0,0,0,1,1,0,0,0,0,0,0,0,0,0,0,2025-12-02
a0480b,07R,landing,1764633617.32,0.392785657868174,0.0,0.0,0.0,239.1,2.364032260820166,-1.846984425976975,0.004722222222222222,161.1,medium_jet,69.0,32.1,40.0,3.0,1,2025-12-02 00:00:17.319999933,"[0, 1, 1, 0, 1, 1]",0,0,1,0,0,0,1,0,0,0,0,0,0,0,0,0,0,2025-12-02
aa88d2,8,landing,1764633617.6,3.476929604621319,1419.533921131097,225.4,5.232536195997652,86.7,2.364032260820166,-1.846984425976975,0.004722222222222222,8.700000000000003,unknown,69.0,32.1,40.0,3.0,5,2025-12-02 00:00:17.599999905,"[0, 1, 1, 0, 1, 1]",0,0,0,0,0,1,1,0,0,0,0,0,0,0,0,0,0,2025-12-02
a33716,8,landing,1764633617.7,0.29847864119875533,0.0,0.0,0.0,0.0,2.364032260820166,-1.846984425976975,0.004722222222222222,78.0,unknown,69.0,32.1,40.0,3.0,5,2025-12-02 00:00:17.700000048,"[0, 1, 1, 0, 1, 1]",0,0,0,0,0,1,1,0,0,0,0,0,0,0,0,0,0,2025-12-02
a9dce9,8,landing,1764633618.04,0.23732897537832184,0.0,0.0,0.0,154.7,2.364032260820166,-1.846984425976975,0.005,76.69999999999999,medium_jet,69.0,32.1,40.0,3.0,5,2025-12-02 00:00:18.039999962,"[0, 1, 1, 0, 1, 1]",0,0,1,0,0,0,1,0,0,0,0,0,0,0,0,0,0,2025-12-02
a466fc,25L,landing,1764633618.75,0.9576323216997041,0.0,0.0,0.0,171.6,-2.3640322608201663,1.8469844259769745,0.005,79.69999999999999,medium_jet,69.0,32.1,40.0,3.0,2,2025-12-02 00:00:18.750000000,"[0, 1, 1, 0, 1, 1]",0,0,1,0,0,0,1,0,1,0,0,1,0,0,0,0,0,2025-12-02
aa02ab,25L,landing,1764633619.07,0.23781626147275103,0.0,0.0,0.0,171.6,-2.3640322608201663,1.8469844259769745,0.005277777777777778,79.69999999999999,unknown,69.0,32.1,40.0,3.0,2,2025-12-02 00:00:19.069999933,"[0, 1, 1, 0, 1, 1]",0,0,0,0,0,1,1,0,1,0,0,1,0,0,0,0,0,2025-12-02
aaa5ff,8,landing,1764633619.07,0.3606091022512645,0.0,0.0,0.0,289.7,2.364032260820166,-1.846984425976975,0.005277777777777778,211.7,medium_jet,69.0,32.1,40.0,3.0,5,2025-12-02 00:00:19.069999933,"[0, 1, 1, 0, 1, 1]",0,0,1,0,0,0,1,0,0,0,0,0,0,0,0,0,0,2025-12-02
a58fdf,8,landing,1764633619.82,0.3587607063095494,0.0,0.0,0.0,270.0,2.364032260820166,-1.846984425976975,0.005277777777777778,192.0,medium_jet,69.0,32.1,40.0,3.0,5,2025-12-02 00:00:19.819999933,"[0, 1, 1, 0, 1, 1]",0,0,1,0,0,0,1,0,0,0,0,0,0,0,0,0,0,2025-12-02
aaa5ff,8,landing,1764633619.85,0.3624410953956301,0.0,0.0,0.0,289.7,2.364032260820166,-1.846984425976975,0.005277777777777778,211.7,medium_jet,69.0,32.1,40.0,3.0,5,2025-12-02 00:00:19.849999905,"[0, 1, 1, 0, 1, 1]",0,0,1,0,0,0,1,0,0,0,0,0,0,0,0,0,0,2025-12-02
